wind_speed_950mb,wind_speed_900mb,wind_speed_850mb,wind_speed_800mb,wind_speed_750mb,wind_speed_700mb,wind_speed_650mb,wind_speed_600mb,wind_speed_550mb,wind_speed_500mb,wind_speed_450mb,wind_speed_400mb,wind_speed_350mb,wind_speed_300mb,wind_speed_250mb,wind_speed_200mb,wind_direction_950mb,wind_direction_900mb,wind_direction_850mb,wind_direction_800mb,wind_direction_750mb,wind_direction_700mb,wind_direction_650mb,wind_direction_600mb,wind_direction_550mb,wind_direction_500mb,wind_direction_450mb,wind_direction_400mb,wind_direction_350mb,wind_direction_300mb,wind_direction_250mb,wind_direction_200mb,rh_950mb,rh_900mb,rh_850mb,rh_800mb,rh_750mb,rh_700mb,rh_650mb,rh_600mb,rh_550mb,rh_500mb,rh_450mb,rh_400mb,rh_350mb,rh_300mb,rh_250mb,rh_200mb,timepoint,cloudcover,highcloud,midcloud,lowcloud,temp2m,lifted_index,rh2m,msl_pressure,prec_type,prec_amount,snow_depth,wind10m.direction,wind10m.speed,country
2,2,3,4,4,5,5,5,5,5,5,5,5,5,5,6,320,295,290,285,280,270,275,285,290,290,290,275,265,270,265,255,4,3,1,0,0,0,0,-1,1,4,5,10,11,14,14,5,3,9,-9999,-9999,-9999,13,15,5,1024,none,0,0,265,2,USA
2,3,4,5,5,5,5,5,5,6,5,5,5,6,6,6,355,310,305,285,275,270,270,275,280,280,275,255,240,250,255,255,3,3,1,0,-1,-1,-2,-1,2,5,9,10,12,10,13,6,6,6,-9999,-9999,-9999,12,15,5,1024,none,0,0,345,2,USA
2,2,2,3,3,5,5,5,5,6,6,6,6,6,6,6,5,30,10,325,295,285,270,260,255,260,255,240,240,245,255,260,4,4,4,1,-1,-2,-2,-1,2,7,11,9,10,11,14,10,9,2,-9999,-9999,-9999,13,15,4,1024,none,0,0,260,2,USA
2,3,3,3,3,4,5,6,6,6,6,6,6,6,7,7,5,345,330,310,285,270,265,250,250,255,245,240,245,245,250,255,4,5,7,6,4,3,0,-1,2,8,11,9,12,14,13,13,12,3,-9999,-9999,-9999,15,10,2,1024,none,0,0,175,2,USA
2,3,3,3,4,5,6,6,6,6,6,6,7,7,7,7,265,265,270,285,280,270,275,270,255,255,250,255,250,250,250,255,5,7,9,13,9,7,4,1,3,10,11,12,15,15,16,14,15,6,-9999,-9999,-9999,17,6,3,1024,none,0,0,350,2,USA
2,3,5,4,3,3,4,5,7,7,7,7,7,7,7,7,250,330,340,345,345,315,285,280,260,260,265,255,250,255,250,255,5,5,4,6,10,12,7,8,10,15,16,16,14,10,13,5,18,8,-9999,-9999,-9999,15,6,6,1025,none,0,0,55,2,USA
3,2,3,4,4,3,4,5,5,6,6,5,5,5,6,6,225,330,355,0,15,355,310,305,355,5,15,5,345,305,275,265,6,6,5,3,6,8,6,-3,-4,-3,-2,-2,-2,-1,0,2,21,4,-9999,-9999,-9999,14,10,7,1028,none,0,0,325,2,USA
3,2,3,3,3,4,5,5,6,6,5,5,6,7,3,6,225,320,315,355,335,325,15,30,25,20,15,5,5,5,25,295,7,5,1,-1,2,0,-3,-2,-1,-1,0,0,0,0,0,1,24,2,-9999,-9999,-9999,13,15,5,1028,none,0,0,265,2,USA
2,2,2,3,3,4,4,5,5,4,4,5,5,6,8,4,180,70,255,335,320,345,15,5,5,15,15,0,20,15,10,290,8,3,2,-2,-3,-3,-1,0,0,-2,-2,-1,-1,0,2,9,27,1,-9999,-9999,-9999,13,15,4,1028,none,0,0,325,1,USA
2,2,2,2,3,4,4,4,4,3,4,5,4,5,7,5,170,195,210,305,335,350,5,355,350,350,340,340,10,10,5,10,8,5,4,0,-2,0,1,1,0,-1,-2,-2,0,8,10,5,30,1,-9999,-9999,-9999,13,15,4,1028,none,0,0,245,2,USA
2,2,3,3,3,3,3,3,3,4,4,4,5,5,6,6,220,270,335,335,340,345,330,315,290,310,320,335,335,0,15,15,6,7,2,0,0,1,1,1,1,0,-1,-1,7,9,4,4,33,1,-9999,-9999,-9999,12,15,2,1029,none,0,0,255,2,USA
2,2,3,3,3,3,3,4,5,5,5,5,5,5,7,5,230,330,345,340,325,315,315,305,295,295,305,315,345,20,5,10,3,2,-1,-1,1,2,3,3,1,0,2,7,7,3,2,3,36,1,-9999,-9999,-9999,13,15,2,1028,none,0,0,205,2,USA
2,2,3,3,3,3,3,3,4,5,5,4,4,5,6,6,215,280,305,320,315,305,315,320,310,305,300,320,320,350,355,355,2,1,1,1,2,2,2,1,2,4,8,5,3,6,8,4,39,1,-9999,-9999,-9999,13,15,3,1026,none,0,0,195,3,USA
2,3,3,3,3,3,3,4,5,5,5,5,4,5,6,7,210,235,275,315,320,305,310,315,315,310,310,305,310,330,340,340,3,2,1,1,2,2,2,2,3,6,9,5,5,14,11,8,42,1,-9999,-9999,-9999,14,10,7,1026,none,0,0,210,2,USA
2,3,2,3,3,3,3,4,4,5,5,5,5,5,6,6,225,250,295,320,310,300,305,315,320,320,310,300,300,310,320,325,4,2,0,0,1,2,2,2,4,3,2,7,12,16,16,15,45,9,-9999,-9999,-9999,13,15,6,1026,none,0,0,280,2,USA
2,2,2,3,3,4,4,4,4,5,5,5,5,5,5,6,235,250,270,295,300,300,300,305,315,320,320,320,315,310,310,315,3,0,-1,0,0,0,-1,0,5,5,13,13,11,12,15,15,48,9,-9999,-9999,-9999,13,15,4,1025,none,0,0,260,2,USA
2,2,3,3,4,4,4,4,5,5,5,5,5,6,6,7,310,290,295,305,300,295,300,310,310,310,315,315,310,305,305,300,1,0,-1,-2,-3,-2,-1,0,1,-1,12,12,15,16,15,12,51,7,-9999,-9999,-9999,12,15,2,1024,none,0,0,280,2,USA
2,3,3,3,4,4,5,5,5,5,5,5,5,5,6,6,25,30,5,320,305,295,290,295,305,320,315,310,325,335,350,315,1,0,-2,-3,-3,-3,-2,-2,7,12,9,8,2,3,6,15,54,7,-9999,-9999,-9999,12,15,2,1024,none,0,0,355,2,USA
2,2,3,3,3,4,5,5,5,5,5,5,5,4,5,7,35,10,320,310,310,295,295,300,310,310,310,315,310,335,320,310,1,0,-1,-1,-1,-4,-3,9,14,12,8,3,3,2,13,12,57,4,-9999,-9999,-9999,13,15,0,1026,none,0,0,0,2,USA
2,3,3,4,3,4,5,5,5,5,5,4,5,5,5,7,275,330,335,340,330,310,300,295,300,315,320,300,295,280,295,315,0,0,5,7,6,11,13,13,12,5,-1,0,-1,1,10,14,60,6,-9999,-9999,-9999,14,15,0,1026,none,0,0,215,2,USA
2,2,2,3,3,3,4,4,4,5,5,6,6,6,6,7,245,20,345,325,315,310,310,310,315,325,320,310,295,305,300,320,0,4,7,9,9,11,5,-2,0,1,0,0,2,0,7,11,63,4,-9999,-9999,-9999,14,15,2,1024,none,0,0,210,3,USA
2,2,2,3,3,3,3,3,4,5,5,5,5,6,6,7,155,45,275,310,350,350,335,325,315,320,320,310,305,300,310,330,1,6,5,6,-2,-3,-3,-3,0,2,1,1,0,4,9,10,66,3,-9999,-9999,-9999,14,15,4,1026,none,0,0,205,2,USA
3,3,3,3,3,2,2,3,3,4,4,5,5,6,6,7,195,210,265,320,340,340,325,310,305,315,310,295,295,310,310,325,2,4,5,0,-3,-3,-3,-3,1,4,3,4,4,5,9,12,69,3,-9999,-9999,-9999,14,15,4,1026,none,0,0,245,2,USA
3,3,2,3,3,3,3,3,3,3,5,5,5,6,7,7,220,250,295,300,295,285,285,285,280,285,280,295,300,310,310,325,3,4,3,0,-3,-3,-3,-3,1,4,5,9,10,13,16,13,72,5,-9999,-9999,-9999,13,15,4,1026,none,0,0,255,2,USA
3,3,3,3,3,3,3,4,5,5,5,5,6,6,6,7,220,250,275,290,290,280,280,280,285,285,285,305,320,315,315,325,5,5,5,3,-2,-3,-3,0,3,5,8,14,9,16,12,11,75,9,-9999,-9999,-9999,13,15,5,1025,none,0,0,270,2,USA
2,2,2,3,3,3,4,5,5,5,5,5,6,6,6,7,240,255,305,330,310,295,300,310,310,310,315,320,330,335,340,335,4,5,3,1,-1,0,6,6,5,7,11,4,8,14,9,7,78,7,-9999,-9999,-9999,12,15,5,1024,none,0,0,280,2,USA
2,2,3,3,3,4,4,4,5,5,5,5,5,6,6,7,260,355,350,330,300,295,310,325,320,315,315,320,335,345,345,330,4,3,9,11,12,10,2,1,6,9,6,4,2,2,5,13,81,4,-9999,-9999,-9999,13,15,4,1025,none,0,0,250,2,USA
2,2,3,3,4,4,4,4,4,4,4,4,5,5,5,6,260,245,250,280,295,300,305,305,305,305,310,310,320,320,330,320,3,5,8,10,7,1,-1,0,6,8,4,2,-1,1,11,10,84,4,-9999,-9999,-9999,13,15,3,1023,none,0,0,205,2,USA
2,3,3,3,3,4,4,4,4,5,5,5,5,4,5,6,185,240,280,305,305,305,305,305,305,300,290,280,290,290,300,310,3,6,8,7,0,-1,0,5,9,9,3,0,-1,1,11,15,87,2,-9999,-9999,-9999,14,10,4,1021,none,0,0,200,2,USA
2,3,3,3,4,4,4,4,4,5,5,5,5,5,5,6,200,240,270,305,300,290,285,290,295,290,290,280,270,260,280,305,5,6,7,6,0,-1,1,5,9,10,5,4,2,0,13,12,90,3,-9999,-9999,-9999,14,10,8,1021,none,0,0,205,2,USA
2,3,3,3,4,4,4,4,5,5,5,5,5,5,5,6,215,225,255,280,280,275,270,265,260,265,275,280,280,285,290,295,6,6,6,1,0,1,1,4,8,9,12,13,14,16,16,10,93,6,-9999,-9999,-9999,14,10,7,1021,none,0,0,260,2,USA
2,2,3,3,4,4,5,5,5,5,6,6,6,6,6,6,270,260,280,285,275,260,255,255,260,250,245,255,260,260,280,310,6,5,2,2,3,5,4,1,4,9,11,14,14,11,13,8,96,6,-9999,-9999,-9999,14,15,7,1018,none,0,0,285,2,USA
2,3,3,3,4,5,5,5,6,6,6,6,6,6,6,7,300,305,300,275,260,255,250,255,260,255,260,260,260,260,275,290,5,3,3,4,6,8,6,1,0,2,12,13,14,16,16,15,99,6,-9999,-9999,-9999,14,15,6,1016,none,0,0,260,2,USA
2,2,3,4,5,5,5,6,6,6,6,6,6,6,7,7,295,290,285,285,270,255,245,255,260,260,260,255,255,260,270,275,4,4,5,7,8,8,5,1,-1,0,5,-1,-3,6,16,14,102,7,-9999,-9999,-9999,14,15,5,1015,none,0,0,270,2,USA
3,4,4,4,5,5,5,6,6,7,7,7,7,7,7,7,280,285,290,275,255,250,245,250,255,255,255,255,255,260,255,265,6,6,5,6,6,4,1,-1,-2,-1,3,-4,-3,2,10,12,105,9,-9999,-9999,-9999,14,15,6,1014,none,0,0,250,2,USA
5,5,5,4,3,4,5,6,6,7,7,7,7,8,8,8,280,280,285,300,305,275,255,250,250,245,250,255,250,250,250,250,5,7,8,7,7,4,-2,-3,-3,-2,-3,-4,-1,11,13,11,108,7,-9999,-9999,-9999,18,6,3,1012,none,0,0,260,3,USA
5,5,5,5,5,4,5,6,7,7,7,7,8,9,9,9,265,270,275,275,270,255,250,250,250,250,250,250,250,240,240,245,5,8,10,10,7,7,8,-1,-2,-3,-3,-3,1,14,12,6,111,2,-9999,-9999,-9999,18,2,4,1011,none,0,0,250,3,USA
4,4,4,5,5,5,5,6,7,7,8,8,9,9,10,10,285,280,275,270,260,250,245,240,245,245,240,240,240,235,240,245,7,9,13,15,15,15,11,3,0,-1,-2,-3,3,9,15,7,114,6,-9999,-9999,-9999,15,6,5,1014,none,0,0,55,3,USA
2,3,2,3,5,6,6,6,7,7,8,9,9,10,10,10,305,330,305,250,240,245,245,240,240,235,235,235,235,235,235,240,6,7,12,14,16,14,13,15,15,13,2,-3,1,9,7,5,117,8,-9999,-9999,-9999,13,10,5,1015,none,0,0,305,3,USA
2,3,3,3,3,3,5,6,7,7,9,10,10,11,11,10,310,340,335,335,350,265,255,245,240,235,235,235,230,235,230,240,3,3,3,4,11,15,8,0,15,16,16,0,2,8,5,4,120,9,-9999,-9999,-9999,12,10,3,1018,none,0,0,355,3,USA
3,3,3,3,3,3,5,5,6,7,8,10,10,10,10,8,325,320,325,345,355,340,280,250,240,235,240,235,230,230,230,240,3,4,5,5,6,11,9,-3,-2,-1,-2,7,9,12,2,-2,123,8,-9999,-9999,-9999,10,10,3,1021,none,0,0,15,4,USA
3,3,3,4,4,4,4,6,6,7,7,7,10,10,9,6,40,355,340,340,0,10,320,260,245,230,240,245,235,235,240,240,5,5,5,4,2,4,3,-2,1,14,5,-3,13,6,-2,-2,126,7,-9999,-9999,-9999,10,15,4,1022,none,0,0,30,4,USA
3,2,3,4,3,3,4,5,5,5,5,6,7,6,6,5,265,310,335,355,5,340,290,260,250,260,270,260,250,250,260,265,5,5,6,3,1,2,1,-3,-4,-4,-4,-4,-3,-2,-1,-3,129,6,-9999,-9999,-9999,10,15,3,1024,none,0,0,355,3,USA
2,3,3,3,3,4,4,3,3,4,5,7,7,6,7,2,340,335,335,345,320,280,300,355,5,5,20,40,30,20,15,285,3,5,7,5,1,-1,-3,-4,-4,-4,-3,-2,-1,0,5,-1,132,3,-9999,-9999,-9999,13,15,2,1023,none,0,0,325,3,USA
2,2,2,3,3,3,3,4,4,5,5,5,6,7,7,4,170,225,280,300,320,325,0,0,350,0,15,45,30,20,20,305,3,4,6,8,1,-3,-4,-3,-3,0,0,-2,-1,7,2,1,135,1,-9999,-9999,-9999,13,15,2,1022,none,0,0,320,2,USA
4,3,3,3,3,4,4,4,4,5,4,3,4,7,10,4,210,225,245,290,315,325,345,355,350,355,345,10,20,15,5,0,3,5,6,4,-1,-2,2,3,3,3,-2,-2,6,1,4,8,138,1,-9999,-9999,-9999,12,15,4,1022,none,0,0,200,3,USA
3,3,3,3,3,3,3,3,3,4,4,4,3,6,8,5,265,250,260,285,310,320,325,325,325,320,305,300,5,0,355,350,4,4,3,1,1,5,5,3,4,3,0,1,1,8,6,4,141,4,-9999,-9999,-9999,10,15,5,1021,none,0,0,250,3,USA
3,3,3,3,4,4,5,4,4,5,5,5,3,5,7,7,235,265,290,295,290,285,285,290,290,290,290,275,270,340,340,330,4,2,2,3,6,8,6,6,8,5,1,-1,4,13,16,5,144,3,-9999,-9999,-9999,9,15,5,1018,none,0,0,245,2,USA
2,3,3,3,4,5,5,5,6,6,6,6,5,5,6,8,280,330,345,305,285,280,280,280,280,280,275,270,270,305,310,315,3,1,2,4,5,8,10,13,15,13,7,6,9,14,16,6,147,9,-9999,-9999,-9999,9,15,4,1016,none,0,0,270,2,USA
2,2,3,3,3,4,5,5,5,6,6,6,6,6,7,7,320,55,5,335,325,315,305,295,280,275,285,275,255,275,290,295,2,1,3,6,7,6,4,4,13,15,15,14,15,12,16,5,150,9,-9999,-9999,-9999,9,15,3,1014,none,0,0,265,2,USA
2,3,2,3,3,3,3,3,4,4,4,6,7,7,7,6,250,240,290,325,340,340,330,320,320,305,280,280,270,260,275,275,3,4,11,14,14,15,15,15,15,16,15,15,16,16,16,2,153,9,-9999,-9999,-9999,10,15,3,1014,none,1,0,270,2,USA
2,2,2,3,3,3,3,3,3,3,4,5,6,6,6,5,255,250,315,355,355,335,315,315,310,290,280,275,270,265,260,275,7,8,10,12,13,14,15,15,16,16,16,16,16,16,14,1,156,9,-9999,-9999,-9999,11,10,5,1013,none,1,0,220,2,USA
2,2,2,2,3,3,3,3,3,3,4,4,5,5,5,5,5,20,355,300,300,340,350,320,310,300,285,280,280,285,270,270,6,7,10,13,14,9,8,14,15,15,16,16,16,15,5,1,159,9,-9999,-9999,-9999,12,6,5,1012,none,1,0,165,2,USA
2,2,3,3,3,3,3,3,3,3,4,4,4,5,5,5,90,25,310,315,295,265,275,285,300,320,320,315,305,310,280,290,6,8,11,14,12,11,12,14,7,-2,-2,0,16,15,1,2,162,9,-9999,-9999,-9999,12,6,6,1012,none,1,0,55,2,USA
2,2,2,3,4,4,4,5,4,4,4,5,5,5,5,5,95,215,275,310,300,290,275,285,310,305,300,320,320,310,300,295,6,8,11,11,13,15,12,3,-2,0,4,2,1,2,4,4,165,6,-9999,-9999,-9999,12,10,6,1013,none,1,0,355,2,USA
2,2,3,3,3,4,5,5,5,5,5,5,5,6,6,6,250,270,285,290,285,285,290,295,290,300,310,315,310,320,320,300,7,9,10,11,11,8,-1,-1,1,2,2,10,11,0,3,5,168,4,-9999,-9999,-9999,11,10,8,1012,none,1,0,285,2,USA
3,3,3,3,3,4,5,5,5,5,6,6,6,6,7,7,290,300,305,270,255,295,295,290,295,300,310,315,320,340,340,325,6,7,8,10,11,0,0,2,2,4,0,0,4,6,5,3,171,2,-9999,-9999,-9999,10,10,8,1010,none,1,0,305,2,USA
3,4,3,4,4,5,5,5,6,6,6,6,6,6,10,8,260,270,300,310,310,295,285,285,290,300,300,300,305,315,335,325,6,7,6,2,-1,-1,1,5,8,5,7,13,14,11,1,2,174,2,-9999,-9999,-9999,10,10,8,1009,none,1,0,260,2,USA
3,4,5,6,6,5,5,5,6,6,7,7,7,7,12,10,260,260,280,300,295,285,275,285,290,295,290,295,295,310,325,325,6,7,8,2,1,2,4,8,11,9,8,11,5,2,1,2,177,6,-9999,-9999,-9999,10,10,6,1008,none,1,0,275,3,USA
3,3,3,5,5,5,5,6,6,6,7,7,7,9,12,10,295,290,285,295,290,280,280,285,285,290,290,290,290,310,315,315,3,5,7,5,1,2,5,7,9,8,5,1,3,3,-1,0,180,4,-9999,-9999,-9999,14,6,2,1005,none,1,0,280,2,USA
5,5,5,5,5,6,6,6,6,7,8,8,9,11,13,11,280,285,295,305,300,290,285,285,285,285,280,280,290,300,300,300,3,5,6,7,7,7,9,11,9,6,5,8,15,15,-1,-1,183,1,-9999,-9999,-9999,15,6,2,1003,none,1,0,255,3,USA
5,5,6,6,6,6,6,7,7,7,8,9,10,12,13,11,265,280,290,300,305,310,305,295,285,280,280,280,285,295,290,285,4,6,8,8,7,6,5,4,5,6,6,8,6,10,1,-1,186,2,-9999,-9999,-9999,14,6,4,1002,none,1,0,250,4,USA
4,5,6,6,6,5,6,6,7,8,8,9,10,11,12,11,290,295,305,310,315,315,310,295,290,280,275,280,285,285,290,280,4,6,7,6,5,5,6,4,-1,-2,-2,-2,-1,1,0,-2,189,1,-9999,-9999,-9999,13,6,4,1004,none,1,0,270,3,USA
2,3,5,5,6,6,6,6,7,7,7,8,9,10,10,11,285,295,305,310,315,310,310,300,290,290,290,295,290,295,295,285,5,7,9,10,8,6,5,0,-3,-3,-2,-2,-2,-1,-1,-3,192,2,-9999,-9999,-9999,10,6,6,1003,none,1,0,5,2,USA
4,4,3,3,3,3,3,3,4,4,5,5,6,6,6,7,55,50,45,45,55,70,110,125,120,110,100,115,125,145,165,170,14,13,8,7,8,11,6,-3,1,13,1,-1,-1,-1,-1,2,3,1,-9999,-9999,-9999,26,-6,11,1016,rain,0,0,50,3,Australia
4,3,3,3,3,3,3,3,3,4,4,5,6,6,8,7,55,40,45,55,70,95,125,130,110,110,110,105,125,145,175,175,14,11,5,3,6,7,0,-1,5,13,5,2,-3,-1,-1,4,6,5,-9999,-9999,-9999,26,-6,11,1017,rain,1,0,60,4,Australia
4,3,3,3,2,3,3,3,3,3,3,4,5,7,8,8,60,45,45,60,80,100,115,120,125,120,100,90,110,155,180,180,15,12,10,3,4,1,-2,1,11,13,12,7,-3,-3,1,7,9,6,-9999,-9999,-9999,26,-6,11,1017,rain,1,0,60,3,Australia
3,3,3,3,2,3,3,3,3,3,2,3,3,7,8,7,55,50,45,45,55,75,95,120,120,105,70,40,70,165,190,175,14,12,9,4,1,3,3,10,11,9,4,6,2,-3,3,9,12,4,-9999,-9999,-9999,25,-4,11,1015,rain,1,0,60,3,Australia
3,3,3,3,3,3,3,3,3,4,3,3,2,4,7,7,55,50,50,55,55,65,75,80,65,55,70,75,90,155,180,180,14,12,9,4,2,7,8,12,13,13,12,3,0,1,1,3,15,7,-9999,-9999,-9999,26,-6,11,1016,rain,1,0,60,3,Australia
4,4,3,3,3,3,3,3,4,4,4,4,3,3,6,6,65,60,50,40,35,25,25,25,40,35,35,60,110,165,175,160,14,13,8,6,6,8,11,13,10,9,9,7,1,5,-1,-2,18,4,-9999,-9999,-9999,26,-6,11,1017,rain,1,0,65,3,Australia
4,4,3,3,3,3,4,6,6,5,4,4,2,4,6,5,70,55,50,45,35,20,10,10,20,25,30,40,110,185,180,180,14,13,7,6,6,4,6,9,10,12,12,9,-1,5,-1,-2,21,2,-9999,-9999,-9999,26,-6,11,1016,rain,1,0,70,4,Australia
4,4,4,3,3,4,5,5,5,6,5,3,2,5,6,6,70,60,55,45,35,25,10,15,20,30,20,35,115,190,185,195,13,8,5,5,5,5,8,9,7,9,15,13,1,0,-1,-2,24,3,-9999,-9999,-9999,26,-6,10,1015,rain,1,0,70,4,Australia
4,4,4,3,3,4,4,5,5,5,5,3,3,5,6,6,75,65,55,55,45,40,35,30,30,35,50,55,110,185,185,195,14,12,5,4,4,6,9,7,1,2,5,6,0,0,-1,0,27,8,-9999,-9999,-9999,26,-10,11,1015,none,1,0,75,4,Australia
4,4,4,4,4,4,4,4,5,6,6,5,4,3,5,6,70,65,60,60,60,55,50,45,35,40,50,60,75,140,200,200,14,11,8,5,5,7,6,4,1,2,1,-1,-2,-2,0,0,30,6,-9999,-9999,-9999,26,-10,12,1018,none,1,0,75,4,Australia
4,4,4,4,4,4,4,5,5,5,6,5,6,5,4,6,75,70,65,65,70,65,55,45,40,45,55,50,50,45,195,200,15,12,9,6,6,7,6,4,4,7,5,5,3,2,0,1,33,1,-9999,-9999,-9999,26,-10,12,1017,rain,1,0,70,4,Australia
4,4,4,4,4,4,4,4,5,5,6,5,6,5,3,4,85,80,80,80,85,85,75,60,55,50,60,60,50,40,140,170,14,11,7,7,6,5,5,5,3,2,6,11,8,0,1,4,36,1,-9999,-9999,-9999,26,-6,11,1016,rain,1,0,85,4,Australia
5,4,4,4,4,4,4,4,5,5,5,6,6,5,5,3,95,95,85,90,90,90,90,85,70,65,65,60,45,50,65,90,14,13,11,6,6,5,3,1,5,3,3,6,4,0,2,8,39,1,-9999,-9999,-9999,26,-6,11,1017,rain,2,0,100,4,Australia
5,5,5,5,4,4,4,4,5,5,6,6,6,5,5,4,90,90,90,95,95,95,95,95,90,80,65,55,50,40,60,65,14,10,6,6,6,5,4,1,-1,1,9,5,3,6,4,5,42,1,-9999,-9999,-9999,26,-4,11,1018,rain,2,0,90,4,Australia
5,5,5,5,5,5,5,5,4,5,6,6,5,5,5,6,90,95,95,100,100,105,105,100,85,70,65,60,50,60,50,55,13,9,8,8,7,1,2,3,1,-2,0,0,2,3,4,8,45,1,-9999,-9999,-9999,26,-4,11,1017,rain,2,0,90,4,Australia
5,5,5,5,5,5,5,5,4,5,5,5,5,4,4,5,90,85,85,95,100,105,110,110,95,75,70,65,60,70,70,50,13,14,1,-2,-4,-4,-4,-4,-4,-1,1,-2,-2,1,2,2,48,1,-9999,-9999,-9999,26,-1,10,1016,rain,2,0,90,4,Australia
5,5,5,5,5,5,5,5,5,5,5,5,4,5,4,4,95,90,85,85,90,100,105,100,90,90,75,65,75,95,75,55,14,13,11,9,7,-1,-4,-4,-3,0,-2,-2,-3,-3,-2,1,51,1,-9999,-9999,-9999,26,-1,11,1016,rain,2,0,95,4,Australia
5,5,5,5,5,5,5,5,5,5,5,5,5,5,5,3,95,90,85,80,85,90,90,90,90,90,80,65,70,90,90,85,14,13,8,7,7,4,-1,-3,-3,-2,-1,0,-2,-3,-2,0,54,1,-9999,-9999,-9999,26,-1,11,1017,rain,2,0,95,4,Australia
4,5,5,5,5,5,5,5,5,5,5,5,5,5,4,3,95,90,85,80,85,85,80,75,80,80,80,75,60,75,95,130,14,13,11,9,7,6,6,-1,-2,-2,-2,-1,-3,-3,-2,-1,57,1,-9999,-9999,-9999,26,-1,11,1017,rain,2,0,95,4,Australia
4,5,5,4,4,4,4,4,5,5,5,4,5,4,4,3,100,95,95,95,95,85,75,75,80,75,70,65,65,75,95,155,14,13,11,8,6,3,1,0,-2,-2,-1,-2,-3,-3,-2,0,60,1,-9999,-9999,-9999,26,-1,11,1015,rain,3,0,100,4,Australia
5,5,5,5,4,4,3,4,5,5,4,4,4,3,4,3,105,100,105,105,105,85,80,80,75,75,65,70,65,80,100,150,13,13,10,5,5,2,0,-2,-2,-2,-2,-2,-2,-2,-2,0,63,1,-9999,-9999,-9999,26,-1,11,1016,rain,3,0,105,4,Australia
5,5,5,5,5,4,3,4,5,5,4,4,3,3,3,4,100,95,90,90,95,95,90,80,75,70,65,65,75,75,100,135,13,13,8,7,6,1,-1,-1,-3,-1,-2,-1,-1,-2,-1,0,66,1,-9999,-9999,-9999,26,-1,10,1017,rain,3,0,100,4,Australia
5,5,5,5,5,4,3,4,4,4,3,3,3,3,3,3,100,100,90,90,95,95,95,85,80,75,70,85,90,90,110,140,13,14,3,1,1,5,-1,-2,-2,-1,-1,0,-1,-1,-1,1,69,4,-9999,-9999,-9999,26,-1,10,1016,rain,3,0,95,4,Australia
4,4,4,5,5,5,4,4,4,3,3,3,3,3,3,3,100,90,80,85,90,100,100,90,80,85,85,105,90,100,155,145,12,14,12,2,1,0,-1,-3,-2,-2,0,0,-1,-1,0,3,72,3,-9999,-9999,-9999,26,2,10,1015,rain,3,0,100,3,Australia
4,4,4,4,5,5,5,4,4,4,3,3,3,2,3,3,105,85,80,85,90,95,100,95,95,90,90,100,100,95,155,165,12,11,5,2,0,-2,-3,-3,-2,-2,-1,-1,-2,-1,-1,5,75,1,-9999,-9999,-9999,26,-1,10,1015,none,3,0,105,4,Australia
4,5,4,4,4,5,5,5,4,3,3,3,3,3,4,3,100,95,85,80,80,95,95,90,90,90,115,120,125,145,150,185,14,12,11,8,8,-1,-3,-3,-3,-1,-1,0,-1,-1,-1,4,78,1,-9999,-9999,-9999,26,-1,11,1016,none,3,0,105,4,Australia
4,4,4,4,4,4,4,4,4,3,3,3,3,3,3,5,90,90,90,95,90,95,95,95,100,95,140,155,165,160,155,180,13,10,7,5,1,-1,-2,-3,-2,-1,0,0,-2,-1,-1,3,81,1,-9999,-9999,-9999,26,-1,11,1015,rain,3,0,95,4,Australia
4,4,4,3,3,4,4,4,4,3,3,3,3,3,5,4,95,90,90,90,90,95,100,110,115,125,155,175,180,175,170,195,13,12,6,6,1,0,-2,-3,-2,-1,0,0,-1,-2,-1,6,84,1,-9999,-9999,-9999,26,-1,10,1014,rain,3,0,95,3,Australia
4,4,4,4,4,3,4,4,4,3,3,4,4,4,5,5,105,95,90,90,90,100,105,115,125,150,175,190,185,170,180,190,15,13,13,11,10,3,-2,-2,-2,0,0,-1,-2,-2,0,9,87,6,-9999,-9999,-9999,26,-1,11,1015,rain,3,0,95,3,Australia
3,3,4,3,3,3,4,4,3,3,4,5,5,5,5,5,90,90,90,95,95,95,105,115,140,165,180,180,180,175,180,180,14,12,10,8,4,7,0,-2,-2,0,-1,-2,-2,-2,4,14,90,4,-9999,-9999,-9999,26,-4,11,1015,rain,3,0,75,3,Australia
3,3,3,3,3,3,3,4,4,4,4,5,5,5,5,5,85,85,95,95,95,100,110,130,155,170,175,170,160,155,175,185,14,13,12,11,6,6,-2,-2,-1,0,-2,0,15,7,16,13,93,7,-9999,-9999,-9999,26,-4,11,1014,rain,3,0,85,3,Australia
3,3,3,3,3,3,3,4,5,5,5,5,5,5,5,6,90,95,110,115,115,120,130,145,165,175,170,160,160,170,170,145,14,13,9,5,4,1,-1,-1,-1,0,2,8,11,3,4,3,96,8,-9999,-9999,-9999,26,-4,11,1013,rain,3,0,85,3,Australia
3,3,3,3,3,3,3,4,5,5,5,5,5,5,5,7,100,100,110,115,125,130,140,155,170,175,160,155,150,135,130,130,12,5,3,3,2,2,0,0,-1,0,6,9,11,7,4,3,99,2,-9999,-9999,-9999,26,-1,10,1013,rain,3,0,105,3,Australia
3,3,3,3,3,3,3,4,5,5,5,5,5,5,6,8,95,95,100,110,120,130,140,155,165,165,155,145,145,140,130,125,13,8,2,5,4,4,3,4,0,3,8,11,6,3,1,1,102,2,-9999,-9999,-9999,26,-1,10,1014,rain,3,0,100,3,Australia
3,3,3,3,3,3,4,4,5,5,5,5,5,6,6,7,85,80,80,100,115,130,140,155,165,160,150,140,125,125,125,125,15,13,10,4,4,3,5,4,2,7,7,4,0,0,3,4,105,1,-9999,-9999,-9999,25,-4,11,1014,none,3,0,85,3,Australia
3,3,3,3,3,3,4,5,5,5,5,5,6,6,7,7,75,70,75,90,115,135,145,150,160,155,150,140,130,135,130,130,14,12,9,6,5,5,7,6,7,7,6,2,-2,3,10,3,108,2,-9999,-9999,-9999,25,-4,11,1012,rain,3,0,75,3,Australia
3,3,3,3,3,3,3,4,5,5,5,5,6,6,7,7,70,65,65,80,105,120,135,135,145,150,150,130,130,135,130,130,14,13,10,7,6,4,5,8,7,6,4,-1,1,1,4,3,111,2,-9999,-9999,-9999,25,-4,11,1013,rain,3,0,70,3,Australia
3,3,3,3,3,3,3,3,5,5,5,5,6,6,7,7,60,55,55,65,80,100,105,115,130,140,140,130,130,145,140,135,14,12,9,6,5,4,4,5,5,6,3,-1,4,11,8,2,114,2,-9999,-9999,-9999,25,-4,11,1014,rain,3,0,60,3,Australia
3,3,3,2,3,3,3,3,3,4,5,5,5,5,6,6,65,55,60,65,70,80,85,90,110,115,115,130,150,125,125,125,14,11,9,6,5,4,2,4,4,6,0,5,7,11,0,2,117,4,-9999,-9999,-9999,26,-4,10,1013,rain,3,0,75,3,Australia
3,3,2,2,2,3,3,3,3,3,4,4,5,6,6,6,70,65,75,80,75,80,85,95,100,100,95,105,105,120,120,125,13,13,9,6,4,3,2,3,3,5,5,1,-1,-1,1,3,120,3,-9999,-9999,-9999,26,-4,10,1012,rain,3,0,70,3,Australia
3,3,3,3,3,3,3,3,3,3,3,3,4,5,5,6,80,70,75,85,80,75,75,85,100,95,85,85,90,95,115,130,13,10,7,6,4,2,1,2,3,2,3,3,1,0,1,2,123,2,-9999,-9999,-9999,26,-4,10,1013,rain,3,0,75,3,Australia
3,3,3,3,3,3,2,3,3,3,3,3,3,4,5,5,65,65,65,65,65,65,70,80,90,85,70,85,95,95,110,130,14,12,11,7,4,2,2,3,2,2,2,4,4,2,2,2,126,2,-9999,-9999,-9999,26,-4,10,1014,rain,3,0,65,3,Australia
3,3,3,3,3,3,2,2,2,2,3,3,3,3,3,5,50,50,45,40,45,45,60,80,95,85,75,75,90,110,110,130,14,13,8,5,3,2,1,1,2,1,4,4,4,2,4,3,129,1,-9999,-9999,-9999,25,-4,11,1014,none,3,0,50,3,Australia
3,3,3,3,3,3,2,2,2,2,3,3,3,3,3,4,35,35,30,25,25,30,40,75,105,100,100,110,105,130,135,135,14,12,9,6,5,2,1,0,0,2,3,1,3,1,4,5,132,1,-9999,-9999,-9999,25,-4,11,1012,rain,3,0,40,3,Australia
3,3,3,3,3,3,3,3,3,3,3,3,3,3,3,3,25,20,15,5,5,15,30,55,80,100,95,110,125,130,145,155,14,11,9,7,6,3,2,1,3,3,2,2,4,3,4,3,135,2,-9999,-9999,-9999,25,-4,10,1014,rain,3,0,30,3,Australia
3,3,3,3,3,3,3,3,3,3,3,3,3,3,3,5,10,5,0,0,0,5,15,30,55,75,90,110,120,135,160,165,14,13,10,7,6,6,5,1,3,2,1,1,3,4,6,1,138,2,-9999,-9999,-9999,26,-4,11,1014,rain,3,0,10,3,Australia
3,3,3,3,3,3,3,3,3,3,3,3,3,3,5,6,355,350,345,345,345,350,355,0,20,55,75,95,115,145,155,160,14,12,8,6,5,6,7,7,6,5,2,2,1,0,0,1,141,1,-9999,-9999,-9999,26,-4,10,1014,rain,3,0,355,3,Australia
3,3,3,3,3,3,3,3,3,3,3,3,3,3,6,7,350,345,340,340,345,345,345,340,355,20,50,95,105,135,155,165,14,13,11,7,6,7,7,7,10,12,12,6,3,0,-1,4,144,1,-9999,-9999,-9999,26,-6,10,1013,rain,3,0,345,3,Australia
3,3,3,3,3,3,3,3,3,3,2,3,3,3,7,7,340,335,330,335,345,355,0,355,335,335,10,60,95,125,155,165,13,12,10,9,8,8,9,7,8,9,10,8,5,0,3,16,147,4,-9999,-9999,-9999,26,-4,11,1013,rain,3,0,350,3,Australia
3,3,3,3,3,4,3,3,3,3,3,3,3,3,7,7,355,350,350,345,345,350,345,340,335,335,355,30,70,130,165,160,13,11,9,7,6,8,10,10,9,9,9,8,7,-2,11,16,150,6,-9999,-9999,-9999,26,-4,11,1015,rain,3,0,355,3,Australia
3,3,3,3,3,4,3,3,3,3,3,3,2,3,6,6,350,345,345,345,340,345,340,330,325,325,335,355,355,125,165,165,14,11,9,7,7,8,9,9,7,8,9,9,5,2,15,10,153,7,-9999,-9999,-9999,26,-6,11,1015,rain,3,0,350,3,Australia
3,3,3,3,3,4,4,3,3,3,3,3,2,3,6,5,335,335,335,340,340,340,340,340,330,330,310,290,275,135,175,165,12,11,9,8,7,9,10,9,8,8,9,9,7,10,15,8,156,8,-9999,-9999,-9999,26,-4,11,1015,rain,4,0,340,3,Australia
3,3,3,3,3,4,4,3,3,3,2,2,3,4,5,5,350,350,345,340,335,335,335,335,345,340,315,270,240,140,180,170,12,11,9,8,8,10,11,10,8,8,9,7,4,7,16,9,159,9,-9999,-9999,-9999,26,-4,11,1016,rain,4,0,355,3,Australia
3,3,3,3,3,3,3,3,3,3,3,2,3,3,5,5,0,355,355,350,345,335,330,330,340,350,350,285,215,140,170,195,14,10,9,8,8,9,10,10,11,11,8,3,2,8,9,9,162,9,-9999,-9999,-9999,26,-4,11,1017,rain,4,0,0,3,Australia
3,3,3,3,3,3,3,3,3,3,3,2,3,3,4,5,355,350,345,345,345,340,345,345,340,335,335,350,180,145,160,195,14,11,10,8,7,8,10,11,11,11,9,6,1,9,3,11,165,7,-9999,-9999,-9999,26,-4,10,1017,rain,4,0,355,3,Australia
3,3,3,3,3,3,3,3,3,3,3,3,3,3,3,5,345,345,350,355,355,350,345,345,345,340,340,355,175,155,160,200,14,13,11,10,9,9,11,11,11,11,9,5,5,9,3,12,168,8,-9999,-9999,-9999,26,-4,10,1017,rain,4,0,350,3,Australia
2,3,3,3,3,3,3,3,3,3,3,3,3,3,3,6,345,345,355,0,5,0,355,350,345,335,330,350,160,120,155,200,13,10,10,10,11,11,11,12,10,9,8,5,10,11,4,10,171,7,-9999,-9999,-9999,26,-4,10,1017,rain,4,0,350,2,Australia
3,3,3,3,3,3,3,3,3,4,4,3,3,2,3,6,15,10,5,5,5,0,355,355,350,340,340,340,150,130,185,205,11,11,11,10,10,11,12,13,13,13,13,11,11,9,7,8,174,7,-9999,-9999,-9999,26,-4,11,1020,rain,4,0,15,3,Australia
3,3,3,3,3,3,3,3,3,4,4,3,3,2,2,5,15,15,15,15,15,10,355,355,350,345,330,320,80,100,155,225,11,10,9,9,10,10,12,13,13,12,11,13,16,10,8,8,177,9,-9999,-9999,-9999,26,-4,11,1020,rain,4,0,20,3,Australia
3,3,3,3,3,3,3,3,3,3,3,3,2,2,2,5,20,20,15,15,15,15,10,355,340,335,325,325,70,130,150,220,12,10,9,9,9,10,11,9,9,10,12,13,15,12,11,14,180,9,-9999,-9999,-9999,26,-4,11,1018,rain,4,0,20,3,Australia
3,3,3,3,3,3,3,3,3,3,3,3,2,3,2,4,35,35,35,35,30,30,20,0,345,340,340,335,70,220,150,235,13,10,9,8,7,6,7,7,6,5,7,13,12,15,13,15,183,9,-9999,-9999,-9999,26,-4,11,1020,rain,4,0,35,3,Australia
3,3,3,3,3,3,3,3,3,3,3,3,2,3,3,3,40,40,40,40,40,35,25,20,5,355,350,340,55,160,215,255,14,10,9,7,8,9,9,11,12,11,7,10,13,15,16,16,186,9,-9999,-9999,-9999,26,-4,11,1021,rain,4,0,40,3,Australia
3,3,3,3,3,3,3,3,3,3,3,3,2,3,3,3,45,45,45,45,45,40,30,25,25,15,10,340,330,150,195,180,13,6,4,3,3,4,10,12,9,10,10,11,15,15,15,16,189,9,-9999,-9999,-9999,26,-1,10,1020,rain,4,0,45,3,Australia
3,3,3,3,3,3,3,3,3,3,3,3,2,3,3,2,60,60,55,55,50,50,40,30,15,10,0,5,150,160,215,135,14,10,5,4,4,2,1,1,5,7,6,7,15,16,15,16,192,9,-9999,-9999,-9999,26,-4,11,1018,rain,4,0,65,3,Australia
3,2,2,2,2,3,2,3,3,3,5,5,6,7,7,8,110,115,130,170,170,160,185,195,200,230,235,230,245,245,250,225,12,9,11,12,12,11,10,7,3,3,1,4,4,6,4,15,3,5,-9999,-9999,-9999,23,6,9,1021,none,0,0,110,3,South Africa
3,2,2,2,2,2,2,3,3,3,5,5,6,7,7,7,105,115,115,125,160,180,190,190,215,240,240,235,240,240,235,225,12,9,9,12,11,9,9,5,6,5,-1,0,6,11,7,5,6,7,-9999,-9999,-9999,23,6,9,1020,none,0,0,110,3,South Africa
3,2,2,2,2,2,3,3,3,4,5,5,6,7,7,7,100,110,115,110,155,175,175,195,230,240,245,235,240,230,230,235,10,9,9,11,11,10,8,5,8,5,-1,-3,9,4,2,3,9,1,-9999,-9999,-9999,23,6,8,1022,none,0,0,100,3,South Africa
3,2,2,2,2,2,3,3,3,4,5,5,6,7,7,7,95,110,115,115,150,170,180,220,240,240,245,240,245,230,230,245,11,8,9,10,11,9,7,7,9,0,-3,-3,13,5,2,3,12,2,-9999,-9999,-9999,23,6,8,1022,none,0,0,100,3,South Africa
2,2,2,2,2,3,3,3,3,4,5,5,6,6,7,7,95,100,105,105,140,165,185,210,235,235,250,250,255,235,230,245,11,6,9,10,11,9,8,10,6,0,-4,-3,16,14,5,5,15,4,-9999,-9999,-9999,23,6,8,1022,none,0,0,100,3,South Africa
3,2,2,2,2,2,3,3,3,5,5,5,6,6,6,7,85,90,100,95,120,160,180,210,225,235,250,255,255,240,240,245,11,4,7,10,10,6,7,8,2,1,-2,2,15,10,8,7,18,5,-9999,-9999,-9999,23,6,8,1020,none,0,0,90,3,South Africa
3,2,2,2,2,2,3,3,3,5,5,6,6,6,6,7,80,75,95,100,115,145,175,205,215,235,250,255,255,250,235,245,11,6,4,10,9,5,8,2,1,7,6,16,12,7,6,8,21,6,-9999,-9999,-9999,23,6,8,1021,none,0,0,85,3,South Africa
3,2,2,2,2,2,2,3,3,3,5,6,6,6,6,6,60,55,75,115,155,165,180,200,220,235,255,245,255,250,245,235,12,7,2,8,9,5,8,2,1,11,14,13,8,6,12,15,24,7,-9999,-9999,-9999,23,2,9,1021,none,0,0,65,3,South Africa
2,2,2,2,2,2,2,2,3,4,5,6,6,6,6,6,60,50,65,105,180,205,225,240,240,250,245,245,250,255,235,235,13,8,2,7,9,5,6,3,7,14,11,9,8,12,16,4,27,9,-9999,-9999,-9999,23,2,9,1020,none,0,0,65,2,South Africa
2,2,2,2,2,2,3,3,3,4,5,6,6,6,6,6,65,65,95,135,170,200,230,250,260,255,245,250,255,260,245,265,13,8,3,6,8,6,6,4,11,13,11,12,14,14,16,7,30,9,-9999,-9999,-9999,23,2,9,1018,none,0,0,70,2,South Africa
3,2,2,2,2,2,3,3,3,5,5,6,6,6,6,6,75,70,80,95,130,175,215,240,260,255,240,245,250,250,250,245,13,10,3,5,7,6,6,8,12,13,10,11,14,6,5,9,33,6,-9999,-9999,-9999,23,2,10,1020,none,0,0,75,3,South Africa
3,2,2,2,2,2,3,3,4,4,5,5,5,5,6,6,65,60,60,70,100,160,210,240,250,250,250,245,235,250,255,245,13,10,4,5,6,6,7,8,15,13,10,7,5,9,16,7,36,6,-9999,-9999,-9999,23,2,10,1020,none,0,0,70,3,South Africa
3,3,2,2,2,2,3,3,4,4,5,5,5,6,6,6,45,40,40,50,105,160,205,240,245,245,250,235,250,250,250,240,13,11,4,5,5,5,8,12,14,12,10,7,10,8,8,9,39,8,-9999,-9999,-9999,23,2,9,1020,none,0,0,55,3,South Africa
3,3,3,2,2,2,2,3,3,5,5,4,5,6,6,6,35,30,30,30,55,120,200,230,225,240,250,240,240,255,240,240,13,11,4,5,4,6,9,12,12,13,12,8,8,8,9,16,42,7,-9999,-9999,-9999,24,2,9,1018,none,0,0,40,3,South Africa
3,3,2,2,2,2,2,3,3,4,5,4,5,5,6,6,40,30,20,15,25,65,200,220,220,235,240,250,250,245,235,235,13,14,4,5,5,6,10,12,12,13,9,7,7,8,16,10,45,9,-9999,-9999,-9999,24,2,9,1018,none,0,0,45,3,South Africa
3,3,2,2,2,2,2,2,3,3,4,4,5,5,5,6,30,25,20,15,15,25,210,225,230,240,250,265,255,255,240,240,13,13,4,5,5,6,11,13,12,11,10,7,10,11,15,15,48,8,-9999,-9999,-9999,24,2,9,1020,none,0,0,35,2,South Africa
3,3,3,2,2,2,2,3,3,3,5,5,5,5,5,6,35,35,20,0,340,325,295,270,245,245,250,260,255,245,240,230,14,10,5,4,5,6,10,12,10,12,9,9,11,12,12,9,51,8,-9999,-9999,-9999,23,2,10,1018,none,0,0,35,3,South Africa
3,3,3,2,2,2,2,3,3,3,5,5,4,5,5,6,30,40,30,10,330,295,280,260,265,250,250,255,250,255,235,230,14,11,5,4,5,5,9,12,11,12,9,8,13,9,4,3,54,5,-9999,-9999,-9999,23,2,10,1017,none,0,0,30,3,South Africa
3,3,3,2,2,2,2,3,3,4,4,5,5,4,6,6,30,35,35,10,305,260,250,250,260,260,260,260,265,245,240,240,14,12,7,4,5,6,9,12,12,11,3,7,10,8,6,4,57,3,-9999,-9999,-9999,23,2,10,1018,none,0,0,30,3,South Africa
3,3,3,2,2,2,2,3,3,4,5,5,5,4,5,6,15,20,25,350,310,260,255,255,270,270,255,260,265,270,250,240,15,13,12,5,6,7,9,12,10,4,-2,7,7,4,11,9,60,3,-9999,-9999,-9999,24,2,11,1020,none,1,0,20,3,South Africa
3,3,3,2,2,2,2,3,3,4,4,4,5,5,5,6,15,15,15,345,300,265,255,260,280,265,260,260,265,285,260,240,13,11,9,5,6,7,10,13,5,-3,-2,6,8,7,16,13,63,9,-9999,-9999,-9999,24,2,10,1020,none,1,0,20,3,South Africa
3,3,2,2,2,2,3,3,3,4,4,5,5,6,6,6,10,5,350,320,285,260,255,270,265,260,270,270,265,265,260,255,13,10,6,5,6,7,11,12,-2,-2,-1,9,16,14,15,15,66,9,-9999,-9999,-9999,24,2,9,1018,none,1,0,10,3,South Africa
3,2,2,2,2,3,3,3,3,4,5,5,5,5,5,6,15,10,330,255,230,225,235,260,265,260,275,270,255,255,255,250,13,11,6,7,7,9,13,8,-2,-1,2,15,16,16,15,16,69,9,-9999,-9999,-9999,24,2,10,1020,none,1,0,20,3,South Africa
3,2,2,2,2,2,2,3,4,4,5,5,5,5,5,6,20,40,50,185,195,210,255,270,260,260,255,250,245,240,255,255,14,11,6,8,8,12,15,13,10,12,15,15,16,16,10,9,72,9,-9999,-9999,-9999,24,2,10,1021,none,1,0,25,3,South Africa
3,3,2,2,2,2,3,4,4,4,4,5,5,6,6,7,20,30,15,220,190,195,270,245,255,225,240,245,250,255,235,240,14,10,5,7,9,12,15,16,14,13,11,12,14,13,11,13,75,9,-9999,-9999,-9999,24,2,11,1018,none,1,0,15,3,South Africa
3,3,2,2,2,2,2,3,3,4,4,5,5,6,6,7,15,15,15,165,160,185,260,255,230,225,230,245,235,250,250,230,14,10,5,7,10,13,15,15,13,9,9,13,15,16,14,14,78,9,-9999,-9999,-9999,24,2,10,1017,none,1,0,15,3,South Africa
3,2,2,2,2,2,2,3,3,4,3,4,4,5,6,7,30,35,45,110,150,190,250,225,225,215,220,215,220,235,250,230,14,9,6,7,10,13,15,12,11,6,2,-3,-2,11,15,16,81,9,-9999,-9999,-9999,24,2,10,1020,none,1,0,25,2,South Africa
2,2,2,2,2,2,2,3,3,3,3,3,4,5,5,6,5,5,50,125,150,190,260,225,170,175,200,190,215,210,250,240,13,8,5,7,10,14,11,14,5,-1,-2,-3,-3,4,16,16,84,9,-9999,-9999,-9999,24,2,10,1021,none,1,0,25,2,South Africa
2,3,2,2,2,2,3,3,3,3,3,3,3,3,3,5,10,350,25,95,160,230,230,200,160,180,190,195,205,130,245,240,13,10,5,6,11,14,12,12,1,-3,-4,-3,-3,-3,16,16,87,9,-9999,-9999,-9999,24,2,10,1021,none,1,0,30,2,South Africa
2,2,2,2,2,2,3,3,3,3,2,2,3,2,3,6,25,0,15,70,165,205,205,150,150,160,140,125,180,125,270,230,14,11,6,6,11,13,13,9,1,-3,-4,-4,-4,0,16,16,90,9,-9999,-9999,-9999,24,2,10,1020,none,1,0,35,2,South Africa
2,2,2,2,2,2,3,3,3,2,2,2,3,2,3,5,40,45,70,110,135,175,155,125,125,170,125,100,100,95,210,230,14,11,7,6,12,10,13,6,0,-3,-4,-4,-3,15,16,16,93,9,-9999,-9999,-9999,24,2,10,1022,none,1,0,45,2,South Africa
3,2,2,2,2,3,3,3,2,2,2,2,3,2,4,4,40,55,75,105,135,145,130,115,110,160,130,80,70,195,190,205,12,8,5,7,10,11,13,6,-1,-4,-4,-4,-3,3,12,16,96,9,-9999,-9999,-9999,24,2,11,1022,none,1,0,35,3,South Africa
3,3,3,2,2,3,3,3,3,3,2,2,3,2,3,5,25,25,35,55,90,115,115,130,140,130,90,350,45,155,240,180,14,9,7,7,9,9,7,4,-2,-4,-4,-3,-3,0,12,9,99,9,-9999,-9999,-9999,24,2,11,1020,none,1,0,25,3,South Africa
2,2,2,2,2,3,3,2,2,3,2,1,2,2,4,6,25,25,25,40,65,80,85,95,120,80,90,270,25,145,210,150,14,9,8,7,11,10,7,1,-3,-4,-4,-3,-3,-1,12,1,102,6,-9999,-9999,-9999,24,2,10,1021,none,1,0,30,2,South Africa
2,2,2,2,2,2,2,2,2,3,3,2,2,2,5,5,30,40,50,55,55,60,65,105,110,70,70,140,45,120,160,155,13,7,6,7,9,9,6,1,-3,-4,-4,-2,-1,-1,-2,12,105,2,-9999,-9999,-9999,24,2,10,1022,none,1,0,30,2,South Africa
2,2,2,2,2,2,2,2,2,3,3,2,2,2,4,5,35,35,45,60,50,55,100,195,250,25,60,90,5,220,170,155,11,7,6,7,9,8,6,2,-3,-4,-4,-3,-3,-2,5,16,108,6,-9999,-9999,-9999,24,2,10,1022,none,1,0,40,2,South Africa
2,2,2,2,2,2,2,2,2,3,3,2,2,3,6,5,25,10,5,5,270,180,165,190,215,355,30,45,350,175,160,155,14,11,7,7,8,8,6,2,-3,-4,-4,-4,-2,0,12,12,111,9,-9999,-9999,-9999,24,2,10,1021,none,1,0,50,2,South Africa
1,2,2,2,2,2,2,3,3,3,3,2,2,3,5,5,355,0,350,295,250,135,145,165,200,300,345,335,290,185,155,195,15,13,9,8,9,8,4,-1,-3,-4,-4,-3,-2,2,6,8,114,9,-9999,-9999,-9999,24,2,10,1021,none,1,0,250,1,South Africa
2,2,2,2,2,2,2,2,2,3,3,2,3,3,5,5,205,225,240,220,180,115,130,160,180,285,315,280,235,165,150,195,13,11,8,8,9,10,6,-1,-3,-4,-4,-2,-2,3,14,15,117,9,-9999,-9999,-9999,24,2,10,1021,none,2,0,205,2,South Africa
2,2,2,2,2,2,2,2,2,3,3,3,3,4,5,5,335,300,230,165,140,140,165,175,175,245,285,290,215,145,155,205,13,10,5,7,9,8,3,0,-4,-4,-4,-2,3,10,11,13,120,9,-9999,-9999,-9999,24,2,11,1021,none,2,0,5,2,South Africa
2,2,2,2,2,1,2,2,1,2,3,3,3,3,5,5,330,295,280,295,330,310,175,200,300,250,270,250,230,155,170,165,14,13,6,7,9,7,6,5,-4,-4,-4,-3,0,8,3,5,123,6,-9999,-9999,-9999,24,2,11,1020,none,2,0,345,2,South Africa
2,2,2,2,2,2,2,3,2,2,3,3,3,5,4,5,340,255,195,210,285,320,195,205,230,270,250,225,185,180,185,160,13,12,6,7,9,7,10,3,-3,-4,-4,-3,2,9,5,9,126,8,-9999,-9999,-9999,23,2,11,1018,none,2,0,5,2,South Africa
2,2,2,1,2,2,2,3,2,2,3,3,3,4,4,5,330,280,55,180,225,215,195,215,215,245,240,210,185,180,195,155,15,13,6,7,8,6,11,6,-3,-4,-4,-2,12,8,7,14,129,5,-9999,-9999,-9999,24,2,11,1020,none,2,0,15,2,South Africa
2,2,2,1,2,2,2,2,2,2,2,3,4,4,5,5,340,310,330,250,215,195,195,195,220,245,215,195,170,175,175,145,13,11,6,7,7,6,11,5,-3,-4,-4,1,6,7,9,12,132,7,-9999,-9999,-9999,24,2,11,1020,none,2,0,0,2,South Africa
2,2,2,2,2,2,2,2,2,2,2,3,3,4,4,5,335,265,250,245,265,255,205,185,235,265,220,190,175,150,165,150,14,12,7,7,8,7,11,3,-3,-4,-3,4,4,3,8,12,135,9,-9999,-9999,-9999,24,2,10,1018,none,2,0,350,2,South Africa
2,2,2,2,2,2,2,2,2,2,3,3,3,5,4,5,310,250,250,250,260,260,220,180,190,235,215,195,155,145,145,155,14,11,6,7,7,7,11,2,-3,-4,0,5,3,8,14,16,138,8,-9999,-9999,-9999,24,2,10,1018,none,2,0,325,2,South Africa
2,2,2,2,2,2,2,2,2,2,3,3,3,4,3,5,305,255,270,250,250,245,205,160,165,190,200,190,155,145,150,165,14,12,6,7,7,7,11,2,-3,-4,3,4,4,6,4,7,141,9,-9999,-9999,-9999,24,2,10,1020,none,2,0,325,2,South Africa
2,2,2,2,2,2,2,2,2,2,3,3,3,3,3,5,305,260,285,275,260,255,225,140,130,170,200,190,150,155,160,160,13,12,7,7,8,8,11,2,-2,0,4,2,3,2,6,7,144,8,-9999,-9999,-9999,24,2,11,1020,none,2,0,340,2,South Africa
2,2,2,2,2,2,2,2,2,2,3,3,3,3,3,4,295,260,265,275,270,270,255,130,125,180,185,190,155,175,165,160,13,12,7,7,8,8,10,2,3,6,5,2,3,2,3,11,147,7,-9999,-9999,-9999,24,2,11,1018,none,2,0,320,2,South Africa
2,2,2,2,2,3,2,2,2,2,2,3,3,3,3,4,305,260,255,255,265,265,255,185,115,190,190,205,175,180,165,170,13,11,7,7,8,8,10,2,5,5,5,2,3,1,4,12,150,5,-9999,-9999,-9999,24,2,11,1017,none,2,0,325,2,South Africa
2,2,2,2,2,3,2,2,2,2,2,3,3,3,3,4,335,330,300,260,250,240,225,170,35,210,195,205,190,185,180,170,12,9,6,7,7,8,9,3,6,4,3,0,4,2,7,12,153,2,-9999,-9999,-9999,24,2,11,1018,none,2,0,340,3,South Africa
3,2,2,2,2,2,2,2,2,2,2,2,2,3,3,5,325,320,315,300,280,250,210,185,205,215,245,245,210,195,195,155,14,10,6,7,7,9,8,4,6,6,3,0,3,1,7,8,156,2,-9999,-9999,-9999,24,2,10,1018,none,2,0,335,3,South Africa
3,3,3,3,3,2,2,2,2,2,2,2,2,3,3,4,300,295,295,295,285,270,235,200,240,230,265,250,235,190,190,155,14,12,8,6,7,9,10,6,6,5,2,-1,2,3,6,12,159,2,-9999,-9999,-9999,24,2,10,1017,none,2,0,310,3,South Africa
3,3,3,3,3,3,2,2,2,2,3,3,3,2,3,4,285,280,275,270,265,270,260,230,240,215,245,275,255,230,175,180,14,11,8,6,8,8,12,8,5,5,3,0,2,1,4,9,162,3,-9999,-9999,-9999,25,2,10,1017,none,2,0,290,3,South Africa
3,3,3,3,3,2,2,2,2,2,3,3,3,2,3,4,280,260,255,250,255,260,235,210,240,260,250,270,260,275,160,175,14,9,5,6,8,8,13,9,5,5,2,-1,1,0,4,4,165,4,-9999,-9999,-9999,24,2,10,1018,none,2,0,290,2,South Africa
2,2,2,2,2,2,2,2,2,2,3,3,3,3,2,4,290,260,245,245,255,255,240,190,225,270,260,270,265,285,175,170,14,8,6,7,8,9,13,9,5,5,1,-1,1,0,5,5,168,3,-9999,-9999,-9999,24,2,10,1018,none,2,0,310,2,South Africa
2,2,2,2,3,2,2,2,2,2,3,3,3,3,2,3,295,275,260,250,255,260,235,200,260,275,270,270,260,265,235,190,13,7,6,7,7,9,12,8,5,4,1,0,-1,0,4,8,171,4,-9999,-9999,-9999,24,2,11,1017,none,2,0,310,2,South Africa
2,2,2,2,2,2,2,2,2,2,3,4,3,3,3,3,290,270,260,265,260,250,195,180,255,270,275,270,265,255,250,200,13,8,7,7,7,9,11,8,5,4,2,0,-1,-1,3,12,174,5,-9999,-9999,-9999,24,2,10,1016,none,2,0,310,2,South Africa
3,2,2,2,2,2,2,2,2,3,3,4,3,3,3,4,305,275,250,235,230,230,210,130,305,270,275,270,265,260,245,210,12,7,6,6,7,10,14,11,5,3,1,0,-1,-2,2,14,177,4,-9999,-9999,-9999,24,2,10,1018,none,2,0,320,3,South Africa
2,2,2,2,2,2,2,2,2,3,3,3,3,3,3,3,300,290,270,250,235,240,225,180,260,265,270,265,270,280,265,210,12,7,6,6,7,10,13,11,4,3,0,0,0,-1,1,9,180,4,-9999,-9999,-9999,24,2,10,1018,none,2,0,315,2,South Africa
2,2,2,2,2,2,2,2,2,3,3,3,3,3,3,3,290,270,255,260,275,275,255,270,295,280,275,275,270,265,280,215,13,8,7,7,8,10,13,13,5,3,0,-1,0,-1,2,6,183,2,-9999,-9999,-9999,25,2,10,1018,none,2,0,295,2,South Africa
2,2,2,2,2,2,2,2,2,3,3,4,4,3,3,3,280,250,245,255,265,270,270,245,265,270,270,280,275,260,280,220,13,9,8,8,8,10,13,13,7,3,-1,-1,0,-2,2,5,186,2,-9999,-9999,-9999,25,2,9,1017,none,2,0,280,2,South Africa
2,2,2,2,2,2,2,2,2,2,3,4,4,4,4,3,260,230,220,220,235,255,270,260,245,260,275,280,270,260,270,225,12,9,9,9,10,11,13,13,7,5,-1,-1,0,-1,1,6,189,7,-9999,-9999,-9999,25,2,10,1018,none,2,0,275,2,South Africa
2,2,2,2,2,2,2,2,2,2,3,4,4,4,4,3,260,215,200,210,220,235,240,215,235,265,285,280,280,265,265,240,12,10,11,12,12,12,13,13,10,6,0,-1,0,-2,1,9,192,7,-9999,-9999,-9999,25,-1,11,1020,none,2,0,310,2,South Africa
6,6,7,7,6,6,6,6,6,6,6,7,9,9,10,9,45,25,10,355,335,345,350,345,345,345,350,335,330,325,320,315,16,15,16,16,16,15,12,7,8,10,0,-4,-1,-2,-4,-4,3,9,-9999,-9999,-9999,15,6,14,1004,rain,3,0,55,5,New Zealand
6,7,6,5,5,5,6,6,6,6,7,6,8,9,10,10,25,5,340,340,320,325,330,330,340,340,340,335,325,325,320,315,16,16,16,15,9,6,8,3,2,1,-2,13,-3,-4,-4,-4,6,9,-9999,-9999,-9999,16,2,14,1002,rain,3,0,30,5,New Zealand
6,6,5,5,5,5,5,6,6,6,6,6,7,9,11,10,10,340,345,345,340,340,335,325,325,325,325,320,310,315,310,310,16,16,14,15,10,9,11,5,10,11,13,11,9,-4,-4,-4,9,9,-9999,-9999,-9999,17,2,15,1002,rain,3,0,15,5,New Zealand
5,5,5,5,5,5,6,6,6,6,6,6,6,8,10,10,350,345,345,345,350,340,325,325,330,330,325,315,310,310,305,305,15,14,14,14,15,15,9,9,13,9,6,9,14,-1,-4,-4,12,9,-9999,-9999,-9999,17,2,15,1000,rain,3,0,10,4,New Zealand
5,5,5,5,5,5,6,6,6,6,6,6,6,7,10,10,330,330,335,335,330,330,325,325,320,320,310,320,315,310,305,305,15,14,13,10,8,4,6,7,8,10,9,6,2,-2,-4,-4,15,9,-9999,-9999,-9999,17,2,15,999,rain,3,0,0,4,New Zealand
5,5,5,5,5,5,5,6,6,6,6,7,6,7,9,9,330,320,320,320,320,320,320,315,310,310,310,310,305,305,305,300,12,13,15,11,6,5,6,13,10,11,6,2,12,2,-4,-4,18,9,-9999,-9999,-9999,17,2,15,999,rain,3,0,350,4,New Zealand
5,5,5,5,5,5,6,6,6,6,6,6,6,6,8,9,325,325,325,325,320,315,315,315,315,315,305,300,300,290,300,300,14,13,14,13,10,13,11,7,9,13,10,9,15,5,-4,-4,21,9,-9999,-9999,-9999,17,2,15,999,rain,3,0,340,3,New Zealand
5,5,5,5,5,5,5,5,6,6,6,6,6,5,7,9,330,310,315,325,325,320,320,320,315,310,305,295,295,310,300,300,16,16,15,15,16,14,10,10,11,5,5,8,5,9,-3,-4,24,9,-9999,-9999,-9999,17,2,15,999,rain,4,0,345,4,New Zealand
5,5,5,5,5,5,5,6,6,6,6,6,6,5,8,9,305,305,300,305,310,320,320,320,310,305,300,300,295,305,300,300,14,12,12,12,11,5,4,5,3,1,0,-1,0,5,-3,-4,27,5,-9999,-9999,-9999,17,2,14,999,rain,4,0,320,4,New Zealand
4,4,4,4,5,5,5,5,6,6,6,6,5,6,8,9,300,295,295,295,295,295,295,300,305,305,305,295,305,300,300,295,14,14,13,13,14,13,8,6,4,0,-3,-1,0,-2,-3,-4,30,5,-9999,-9999,-9999,17,2,14,999,rain,4,0,320,3,New Zealand
4,4,4,4,4,3,4,5,5,6,6,6,6,6,8,8,270,275,280,285,280,255,255,275,290,295,300,305,305,295,300,295,15,14,13,12,12,12,14,5,2,8,-2,-1,1,-2,-4,-4,33,3,-9999,-9999,-9999,16,2,14,1001,rain,4,0,265,3,New Zealand
5,4,4,4,5,4,4,5,5,6,7,7,7,6,8,8,210,235,255,260,280,280,280,280,290,295,300,300,295,285,295,295,15,14,12,14,13,12,13,8,7,10,-1,-1,1,1,-3,-4,36,6,-9999,-9999,-9999,15,6,14,1003,rain,4,0,210,4,New Zealand
5,5,5,5,5,5,5,5,6,6,6,6,6,6,7,9,195,195,210,230,250,270,270,280,285,270,265,270,260,270,285,295,15,15,12,9,10,10,10,11,-1,-4,-4,-3,-2,-1,-3,-4,39,9,-9999,-9999,-9999,16,6,13,1005,rain,4,0,200,5,New Zealand
5,5,5,5,5,5,5,5,6,6,6,6,6,6,7,9,195,185,195,210,225,240,245,250,250,260,270,275,275,290,285,290,14,13,11,8,4,3,3,-2,-4,-3,-3,-3,-2,0,-3,-4,42,8,-9999,-9999,-9999,16,10,12,1008,rain,4,0,200,4,New Zealand
5,5,5,5,5,5,5,5,6,6,6,6,6,6,7,9,200,195,195,205,225,235,230,225,240,255,265,270,275,285,290,295,14,13,11,7,2,1,1,2,-3,-3,-3,-2,-2,0,-2,-4,45,1,-9999,-9999,-9999,16,6,12,1010,rain,4,0,205,4,New Zealand
5,5,4,5,5,5,5,5,5,5,5,5,6,6,6,8,195,200,210,215,225,230,235,240,245,250,255,260,270,280,290,290,13,13,9,7,4,2,0,0,-3,-3,-3,-2,-2,3,-2,-4,48,1,-9999,-9999,-9999,15,6,12,1012,rain,4,0,195,4,New Zealand
4,4,4,4,4,4,4,4,5,5,4,4,5,6,6,8,185,195,210,220,220,220,225,235,240,245,250,250,260,270,285,290,14,14,9,5,2,-1,-1,-2,-3,-3,-2,-2,-2,1,-1,-4,51,4,-9999,-9999,-9999,15,10,11,1013,rain,4,0,180,4,New Zealand
4,3,3,3,3,3,3,4,4,4,4,3,3,5,6,8,185,190,205,205,210,210,215,215,225,235,240,240,250,265,285,290,13,15,6,2,-1,-1,-2,-3,-3,-3,-2,-1,-1,-1,-2,-4,54,5,-9999,-9999,-9999,14,10,11,1015,rain,4,0,185,4,New Zealand
4,3,3,3,3,3,3,3,3,3,3,3,3,4,6,7,180,180,195,200,195,200,195,215,235,235,245,250,245,265,290,295,13,15,3,1,-1,-1,-3,-2,-2,-2,-2,-1,0,-1,-2,-4,57,9,-9999,-9999,-9999,14,15,11,1017,rain,4,0,175,3,New Zealand
3,3,3,3,3,3,3,3,3,3,3,3,3,3,6,7,170,175,190,190,190,200,220,230,205,220,245,255,250,250,295,295,11,15,-1,-3,-3,-3,-3,-1,-2,-1,-1,0,2,1,-2,-4,60,8,-9999,-9999,-9999,14,15,9,1017,rain,4,0,165,3,New Zealand
3,3,3,3,3,3,3,3,3,3,3,3,3,3,5,7,175,175,175,175,175,190,220,215,225,230,225,230,240,250,290,290,11,15,3,-1,-1,-2,-1,-2,-3,3,4,4,2,3,-1,-4,63,9,-9999,-9999,-9999,14,15,8,1017,rain,4,0,175,3,New Zealand
3,3,3,3,3,3,3,3,3,3,3,3,3,4,5,7,170,170,170,165,175,185,200,210,220,215,220,240,250,260,265,285,11,15,-1,-2,0,0,-1,-3,1,2,5,10,7,14,0,-4,66,9,-9999,-9999,-9999,14,15,8,1020,rain,4,0,170,3,New Zealand
3,3,3,3,3,3,3,3,3,3,3,4,5,5,5,7,165,165,155,155,155,170,180,200,225,245,260,255,260,270,270,285,11,15,-1,-1,0,-2,-3,-3,1,-1,2,9,7,12,0,-4,69,9,-9999,-9999,-9999,14,15,8,1021,none,4,0,160,3,New Zealand
3,3,3,3,3,3,3,3,3,4,4,4,5,5,5,7,160,160,150,145,150,160,175,205,230,255,265,265,260,265,275,285,12,15,1,1,2,2,2,1,-1,-2,1,5,6,0,-1,-4,72,9,-9999,-9999,-9999,14,15,9,1021,none,4,0,160,3,New Zealand
3,3,3,3,3,3,3,3,3,4,4,4,4,4,5,7,165,165,150,150,155,165,185,205,215,240,250,255,250,235,275,285,13,15,2,3,2,0,-2,-3,0,3,4,3,-2,-1,-1,-4,75,5,-9999,-9999,-9999,14,15,9,1021,none,4,0,160,3,New Zealand
3,3,3,3,3,3,3,3,3,3,3,4,4,5,5,7,165,170,160,160,165,165,170,170,175,195,230,245,235,235,260,280,13,15,3,2,2,1,-2,-3,-3,1,0,-2,0,3,1,-3,78,7,-9999,-9999,-9999,15,10,9,1022,none,4,0,165,3,New Zealand
3,3,3,3,3,3,3,3,3,3,3,4,4,5,5,7,160,160,165,170,175,175,175,180,175,185,210,225,230,230,250,275,13,15,2,1,2,1,-2,-3,-3,-2,-2,2,4,5,2,-3,81,9,-9999,-9999,-9999,14,10,10,1024,rain,4,0,160,3,New Zealand
3,3,3,3,3,3,3,3,3,3,3,4,5,5,5,6,160,160,175,180,190,195,195,205,205,200,205,225,235,245,255,270,13,15,1,1,1,2,-2,-3,-3,-2,1,6,8,10,5,-3,84,9,-9999,-9999,-9999,14,10,9,1024,rain,4,0,160,3,New Zealand
3,3,3,3,3,4,3,3,3,3,3,4,5,5,5,6,175,175,185,190,200,200,200,215,225,225,225,230,240,240,250,265,13,15,2,1,1,1,-2,-3,-3,-3,-1,9,3,2,2,-3,87,9,-9999,-9999,-9999,14,10,10,1024,rain,4,0,175,3,New Zealand
3,3,3,3,3,4,4,3,4,4,4,5,5,5,6,6,170,170,190,200,205,200,195,205,220,220,225,225,235,240,240,260,12,15,3,2,2,-2,-3,-3,-3,-2,5,5,3,6,0,-3,90,9,-9999,-9999,-9999,14,10,10,1025,rain,4,0,170,3,New Zealand
3,3,3,3,4,4,4,3,3,4,5,5,5,5,5,5,160,175,195,200,200,190,190,205,215,220,215,215,225,210,210,240,13,14,5,2,-1,-2,0,0,-2,1,-1,-1,0,-1,-1,-2,93,9,-9999,-9999,-9999,14,10,10,1026,rain,4,0,155,3,New Zealand
3,3,3,3,3,4,4,4,3,4,5,5,5,6,6,5,165,165,180,195,195,195,200,205,215,210,205,205,190,150,150,210,10,13,10,-1,-3,-1,-1,-3,-4,-3,-2,0,0,3,4,0,96,9,-9999,-9999,-9999,15,15,9,1025,rain,4,0,170,3,New Zealand
3,3,3,3,3,4,4,4,4,5,5,5,5,6,6,4,180,175,180,190,195,200,205,210,210,205,200,190,170,150,145,180,12,12,15,-3,-3,-1,-1,-2,-3,-1,1,2,2,4,5,4,99,7,-9999,-9999,-9999,15,10,9,1025,rain,4,0,180,3,New Zealand
3,3,3,3,4,4,4,4,4,4,5,5,5,5,6,5,160,170,170,185,190,200,200,200,200,200,180,175,155,155,145,140,12,13,15,-3,-2,-2,-2,-3,-1,1,0,-1,2,4,7,4,102,8,-9999,-9999,-9999,15,15,11,1025,rain,4,0,150,3,New Zealand
3,3,3,3,4,4,4,4,4,4,5,4,5,5,5,5,160,195,185,175,185,185,190,190,195,180,170,165,150,135,125,140,13,12,4,-3,-2,-1,0,4,2,0,-2,1,3,3,5,8,105,6,-9999,-9999,-9999,15,15,9,1026,rain,4,0,155,3,New Zealand
3,3,3,3,3,3,4,4,3,3,3,3,4,5,5,3,150,170,175,180,190,190,190,190,190,175,165,175,150,135,125,130,13,14,-1,-3,-2,0,2,4,2,-1,1,1,3,3,7,13,108,4,-9999,-9999,-9999,14,15,9,1026,rain,4,0,145,3,New Zealand
3,2,3,3,3,3,3,3,3,3,3,3,3,3,3,3,155,170,180,190,195,200,195,190,180,170,170,165,160,115,115,110,13,14,-1,-2,-2,0,3,3,0,-1,1,1,3,2,6,15,111,5,-9999,-9999,-9999,14,15,9,1025,none,4,0,150,3,New Zealand
2,2,3,3,3,3,3,3,2,2,2,2,3,3,3,3,145,155,170,170,180,190,200,210,230,190,165,155,135,75,90,85,13,14,-2,-2,-2,0,4,3,0,-1,1,2,4,2,10,14,114,6,-9999,-9999,-9999,14,15,8,1026,none,4,0,140,2,New Zealand
2,2,2,2,3,3,3,3,2,2,2,2,3,3,3,3,120,125,155,165,185,190,205,220,265,305,160,95,80,20,40,55,12,14,-2,-3,-2,1,4,2,0,-1,2,2,3,2,10,14,117,2,-9999,-9999,-9999,14,15,8,1026,none,4,0,120,2,New Zealand
2,2,2,2,2,2,2,3,3,3,3,3,3,4,4,4,80,75,145,185,195,195,200,230,270,305,330,5,20,5,25,40,12,12,-2,-3,-2,1,4,3,0,-1,2,3,5,3,11,14,120,3,-9999,-9999,-9999,14,15,7,1026,none,4,0,85,2,New Zealand
2,2,2,2,2,2,3,3,3,3,3,3,4,5,5,5,20,0,165,195,220,230,235,245,265,310,325,350,0,10,20,20,11,13,-2,-3,-2,2,4,4,1,-1,1,3,6,5,11,14,123,5,-9999,-9999,-9999,14,15,7,1025,none,4,0,10,2,New Zealand
1,2,2,2,2,2,3,3,3,3,3,4,5,5,6,6,25,265,250,245,235,230,235,250,280,315,350,345,355,5,15,0,11,11,-2,-2,-2,1,4,4,3,1,0,2,2,5,10,4,126,4,-9999,-9999,-9999,15,15,7,1025,none,4,0,30,1,New Zealand
2,2,2,2,2,3,3,3,3,3,4,4,5,6,6,5,355,325,260,235,230,235,250,265,285,295,320,345,350,5,5,340,12,11,-1,-2,-2,0,2,5,5,3,1,2,2,4,4,2,129,3,-9999,-9999,-9999,15,15,7,1026,none,4,0,355,2,New Zealand
2,2,2,2,2,3,3,3,3,3,4,4,5,5,5,5,310,295,260,250,245,245,255,270,280,290,300,300,310,330,335,315,12,13,3,-2,-2,-1,2,5,4,1,0,-1,1,0,0,0,132,2,-9999,-9999,-9999,14,15,8,1026,none,4,0,310,2,New Zealand
2,2,2,2,3,3,3,3,3,3,4,4,4,5,5,6,275,260,235,245,240,245,255,270,280,285,285,290,280,300,305,300,13,12,3,-2,-3,-2,1,4,4,-1,-1,1,3,0,1,-1,135,1,-9999,-9999,-9999,14,15,8,1025,none,4,0,270,2,New Zealand
2,2,2,2,3,3,3,3,3,4,4,4,4,4,5,5,230,210,205,225,220,225,240,270,280,275,275,280,275,270,285,285,13,10,4,-2,-3,-2,-1,1,-1,-2,2,0,3,5,3,-1,138,1,-9999,-9999,-9999,14,15,8,1026,none,4,0,225,2,New Zealand
2,3,3,2,2,2,2,3,3,4,4,4,4,4,5,5,180,170,175,220,220,225,245,265,265,265,260,265,265,270,280,285,13,11,7,-3,-3,-2,-1,0,-2,0,2,3,2,6,4,0,141,1,-9999,-9999,-9999,15,10,8,1027,none,4,0,180,2,New Zealand
2,3,3,2,2,2,2,3,3,3,4,4,4,4,5,6,145,155,165,210,210,220,245,250,250,260,265,270,270,275,285,285,12,12,13,-2,-2,-1,-1,-2,-2,0,2,3,0,8,5,-1,144,1,-9999,-9999,-9999,15,10,8,1026,none,4,0,350,1,New Zealand
2,3,3,2,2,2,3,3,3,3,3,4,4,4,5,6,140,160,165,195,205,225,235,235,225,245,265,270,265,275,280,280,11,11,15,-2,-2,-1,-2,-2,-1,1,2,1,2,4,5,-1,147,7,-9999,-9999,-9999,15,10,8,1025,rain,4,0,125,1,New Zealand
2,3,3,2,2,2,2,2,3,3,3,3,3,4,5,6,135,140,150,170,190,205,215,215,225,240,265,265,265,265,275,275,11,11,15,-1,-2,-1,-2,-3,0,1,2,0,1,4,3,-2,150,8,-9999,-9999,-9999,15,10,7,1026,rain,4,0,95,2,New Zealand
2,2,3,2,2,2,2,2,2,2,3,3,3,3,4,6,115,125,130,130,160,165,185,195,220,225,255,265,270,255,265,275,9,13,15,-1,-1,-1,-2,-2,0,1,1,-1,1,3,2,-2,153,9,-9999,-9999,-9999,15,10,8,1026,rain,4,0,40,2,New Zealand
2,2,3,2,2,2,2,2,2,2,2,3,3,3,3,6,80,100,110,90,105,70,320,280,255,245,255,255,265,245,265,280,9,12,15,-1,-1,-1,-2,-2,0,1,1,0,1,5,3,-2,156,9,-9999,-9999,-9999,16,10,7,1026,rain,4,0,20,2,New Zealand
2,2,2,2,2,2,2,2,2,2,2,3,3,3,3,6,65,105,115,90,75,15,295,275,255,255,260,250,255,240,250,270,11,12,15,-1,-1,-1,-2,-3,0,1,1,0,2,6,3,-2,159,9,-9999,-9999,-9999,15,10,8,1026,rain,4,0,80,2,New Zealand
2,2,2,2,2,2,2,2,2,2,2,3,3,3,3,5,75,100,105,80,55,10,305,250,260,320,280,245,255,240,255,270,10,12,15,-1,-1,-1,-2,-2,0,1,0,2,3,5,5,-1,162,9,-9999,-9999,-9999,15,10,7,1027,rain,4,0,85,2,New Zealand
2,2,3,2,2,2,2,2,2,2,2,3,3,3,3,5,55,85,105,55,35,10,340,325,330,345,300,260,260,260,270,285,10,12,15,-1,-1,-1,-2,-2,0,1,-1,2,3,5,7,-1,165,9,-9999,-9999,-9999,15,10,7,1027,rain,4,0,50,2,New Zealand
3,3,3,2,2,2,2,2,2,3,3,3,3,3,3,6,60,85,95,50,30,0,340,340,340,330,290,270,260,265,280,285,10,11,15,-2,-2,-1,-2,-2,-1,-2,-2,2,3,5,7,0,168,8,-9999,-9999,-9999,16,10,8,1027,none,4,0,35,3,New Zealand
3,3,3,2,2,2,2,2,2,3,3,3,3,3,5,6,35,85,100,50,30,0,340,335,320,285,270,270,260,270,275,280,11,11,12,-2,-2,-1,-2,-2,-2,-3,-2,0,2,4,5,-1,171,4,-9999,-9999,-9999,16,10,8,1027,none,4,0,35,3,New Zealand
3,3,3,2,2,2,2,2,2,2,3,3,3,4,5,6,60,70,80,55,40,15,355,340,315,275,275,265,255,260,270,275,11,12,9,-2,-2,-1,-2,-2,-2,-3,-2,-1,1,2,3,0,174,2,-9999,-9999,-9999,16,15,7,1027,none,4,0,55,3,New Zealand
3,3,3,3,2,2,2,2,2,2,3,3,3,4,6,6,55,45,45,45,40,20,0,345,325,315,310,270,255,255,265,275,10,13,8,-3,-2,-2,-2,-2,-2,-3,-3,0,1,3,6,0,177,1,-9999,-9999,-9999,15,15,7,1028,none,4,0,60,3,New Zealand
3,3,3,3,3,3,2,3,3,3,3,3,4,5,6,6,45,40,40,25,15,0,340,330,325,325,305,275,270,265,265,270,11,14,15,-2,-3,-2,-1,-2,-2,-3,-3,-1,0,3,3,0,180,4,-9999,-9999,-9999,15,10,9,1028,none,4,0,55,3,New Zealand
3,3,3,3,2,2,2,2,3,3,3,3,4,5,7,6,30,25,25,25,15,0,345,315,310,300,285,290,275,265,265,270,11,14,16,-2,-2,0,-1,-3,-3,-3,-2,0,1,7,15,0,183,9,-9999,-9999,-9999,15,15,8,1027,rain,4,0,35,3,New Zealand
3,3,3,3,3,2,2,2,2,3,3,3,4,6,6,7,40,35,35,15,10,10,10,335,310,295,290,295,285,260,260,270,10,13,15,-1,-1,0,-1,-2,-3,-3,-2,-1,3,13,14,1,186,9,-9999,-9999,-9999,15,15,9,1029,rain,4,0,35,3,New Zealand
3,3,3,3,3,3,3,3,3,3,4,5,5,6,6,6,40,25,10,20,20,15,0,340,325,305,300,290,290,265,260,265,10,13,7,-1,0,0,-2,-3,-3,-3,-2,-2,12,16,13,1,189,9,-9999,-9999,-9999,15,15,8,1029,none,4,0,50,3,New Zealand
3,3,3,3,3,3,3,3,3,3,3,5,5,6,6,6,40,5,355,15,15,10,5,340,325,310,285,285,290,275,265,270,11,11,15,0,0,1,-2,-3,-3,-3,-3,0,14,15,14,3,192,9,-9999,-9999,-9999,16,15,9,1029,none,4,0,50,3,New Zealand
3,4,4,4,4,3,3,2,3,3,2,3,3,5,5,4,105,85,90,80,70,65,45,5,270,295,275,270,235,155,160,180,12,13,6,7,7,0,-3,-3,-4,-4,-4,0,-3,1,3,8,3,1,-9999,-9999,-9999,26,2,10,1010,none,0,0,105,3,Papua New Guinea
3,4,4,4,4,3,3,2,2,3,2,3,3,5,5,5,100,90,85,85,75,70,45,10,300,315,305,255,200,160,165,200,12,12,8,6,5,-1,-3,-3,-4,-4,-4,-2,-2,4,-1,0,6,1,-9999,-9999,-9999,26,2,11,1012,none,1,0,105,3,Papua New Guinea
3,4,4,4,3,3,3,3,2,3,3,3,3,4,5,5,100,90,85,80,80,75,45,10,295,305,315,270,170,165,175,195,14,12,10,7,4,0,-2,-3,-4,-4,-4,-1,0,1,5,0,9,1,-9999,-9999,-9999,26,2,11,1012,none,1,0,110,3,Papua New Guinea
3,4,4,4,3,3,3,3,3,3,3,3,2,3,5,5,90,90,85,80,85,90,55,10,300,295,300,275,145,170,175,185,15,14,12,8,5,0,-2,-2,-4,-4,-3,-2,1,2,-3,1,12,1,-9999,-9999,-9999,26,-1,12,1010,none,1,0,90,3,Papua New Guinea
3,3,4,4,3,3,3,2,3,3,3,3,2,2,5,4,90,90,85,80,80,90,70,10,300,300,285,255,115,225,170,195,14,10,9,8,5,0,-2,-2,-4,-4,-3,-2,1,-2,-2,0,15,2,-9999,-9999,-9999,25,-1,11,1011,none,1,0,110,3,Papua New Guinea
4,4,4,4,3,3,3,2,3,3,3,3,2,2,5,3,90,85,85,80,75,80,70,330,290,295,290,265,5,215,165,210,14,12,9,8,5,0,-2,-3,-4,-4,-2,-2,0,-3,0,0,18,2,-9999,-9999,-9999,26,2,11,1012,none,1,0,85,3,Papua New Guinea
3,4,4,4,3,3,3,2,3,3,3,3,3,2,4,3,85,80,80,80,75,75,65,350,285,290,290,270,335,175,150,225,14,10,6,6,3,-1,-2,-3,-4,-4,-1,-2,0,-2,1,0,21,1,-9999,-9999,-9999,26,-1,11,1011,none,1,0,80,3,Papua New Guinea
3,4,4,4,3,3,3,3,3,3,3,3,2,2,4,5,90,80,80,75,70,70,45,320,285,275,265,270,320,250,150,305,14,13,7,6,2,-2,-2,-3,-4,-4,-2,-2,1,-2,3,-1,24,1,-9999,-9999,-9999,26,-1,11,1008,none,1,0,80,3,Papua New Guinea
3,4,4,4,3,3,2,3,3,3,3,4,3,2,3,5,85,80,80,75,70,70,45,310,280,270,260,275,295,235,145,310,14,10,8,7,2,-2,-2,-3,-4,-4,-2,-3,1,-2,1,-1,27,2,-9999,-9999,-9999,26,2,11,1008,none,1,0,90,3,Papua New Guinea
4,4,4,4,3,3,2,3,3,3,3,5,2,2,3,6,85,75,80,80,75,70,30,300,285,290,265,270,290,170,145,300,14,12,9,7,3,-2,-3,-4,-4,-4,-3,-3,0,-2,1,-1,30,1,-9999,-9999,-9999,26,2,11,1011,none,1,0,85,3,Papua New Guinea
4,4,4,4,3,3,2,3,3,3,4,4,3,2,2,6,90,80,75,75,75,75,25,300,300,285,270,265,260,135,150,295,15,12,11,8,4,-2,-3,-4,-3,-4,-2,-3,-2,-2,2,-1,33,1,-9999,-9999,-9999,26,-1,11,1011,none,1,0,90,3,Papua New Guinea
3,4,4,4,3,3,2,3,3,3,4,4,3,2,2,6,90,80,80,75,80,85,10,300,295,280,275,270,255,250,130,290,15,11,10,8,4,-2,-3,-4,-3,-4,-3,-2,-1,-2,3,-1,36,2,-9999,-9999,-9999,26,-1,12,1008,none,1,0,95,3,Papua New Guinea
3,4,4,4,4,3,2,3,3,3,4,4,2,2,3,6,90,80,80,75,75,80,115,280,280,270,275,265,270,270,325,290,14,12,9,6,4,-1,-3,-4,-2,-3,-3,-3,-1,-1,0,-1,39,2,-9999,-9999,-9999,26,-1,11,1010,none,1,0,90,3,Papua New Guinea
3,4,4,4,4,3,2,2,3,3,5,3,2,2,3,6,80,75,80,80,80,95,145,245,275,275,280,270,265,275,330,280,14,10,7,5,2,-2,-3,-3,-3,-3,-3,-3,-2,-1,1,-1,42,4,-9999,-9999,-9999,26,-1,11,1011,none,1,0,85,3,Papua New Guinea
3,4,4,4,4,3,2,3,3,3,5,3,3,3,3,6,75,75,80,80,80,90,145,210,265,270,285,290,290,270,320,275,14,10,8,5,2,-1,-3,-3,-3,-3,-3,-3,-3,-2,2,-1,45,2,-9999,-9999,-9999,26,-1,11,1010,rain,1,0,75,3,Papua New Guinea
3,3,3,3,3,3,2,3,3,3,5,3,4,4,5,6,80,75,75,75,80,85,150,215,240,240,280,300,280,275,295,265,14,14,13,12,7,3,-3,-3,-3,-3,-3,-3,-3,-3,0,-2,48,2,-9999,-9999,-9999,26,-1,11,1008,rain,1,0,75,3,Papua New Guinea
3,3,3,3,3,3,3,3,3,3,4,3,4,3,5,6,70,75,75,75,85,95,150,210,235,245,280,295,280,260,285,250,14,14,12,12,11,8,-2,-3,-3,-3,-3,-3,-4,-2,2,-2,51,3,-9999,-9999,-9999,26,-1,12,1008,rain,2,0,80,3,Papua New Guinea
3,4,4,4,3,3,2,3,3,4,4,4,4,3,5,5,70,85,90,90,80,85,125,210,225,240,275,280,285,270,255,235,15,13,12,8,5,4,-1,-4,-4,-3,-3,-3,-3,-1,-1,-1,54,2,-9999,-9999,-9999,26,-1,12,1010,rain,2,0,85,3,Papua New Guinea
4,4,4,3,3,3,2,3,3,4,3,3,5,3,5,6,85,90,90,85,75,75,100,210,220,240,265,270,285,265,250,245,15,13,13,11,10,5,8,-3,-4,-3,-3,-3,1,-1,-2,-1,57,2,-9999,-9999,-9999,26,2,12,1011,rain,2,0,80,3,Papua New Guinea
3,4,4,3,3,3,2,3,3,4,4,3,5,4,5,4,75,80,85,85,85,90,100,210,235,240,265,265,280,265,200,220,14,12,8,10,10,8,10,-3,-4,-3,-3,-3,0,-2,-2,2,60,6,-9999,-9999,-9999,26,-1,11,1009,rain,2,0,80,3,Papua New Guinea
4,4,4,3,3,3,2,3,3,4,5,3,5,5,4,3,75,80,85,85,80,75,100,205,220,240,260,265,275,255,195,220,14,13,6,6,9,7,2,-3,-4,-3,-3,-3,0,0,-1,3,63,8,-9999,-9999,-9999,26,-1,11,1010,rain,2,0,70,3,Papua New Guinea
4,4,4,3,3,3,3,3,3,4,5,4,5,5,4,5,65,70,80,85,90,90,125,175,200,235,260,250,265,250,165,235,14,13,4,2,5,4,-2,-3,-4,-3,-3,-3,1,-1,0,3,66,9,-9999,-9999,-9999,26,-1,11,1012,rain,2,0,60,3,Papua New Guinea
4,4,4,3,3,2,2,3,3,4,5,4,5,5,5,4,75,80,85,80,70,50,100,165,200,230,260,245,255,245,165,215,13,13,4,0,0,1,0,-2,-4,-3,-3,-2,1,-1,0,0,69,5,-9999,-9999,-9999,26,-1,11,1010,rain,2,0,70,3,Papua New Guinea
4,4,4,3,3,2,2,2,3,4,5,5,5,5,5,5,80,80,85,80,75,45,55,170,210,240,260,235,245,235,185,190,12,13,2,0,-1,1,0,0,-3,-3,-3,-3,0,-1,0,0,72,5,-9999,-9999,-9999,26,-1,10,1008,rain,2,0,75,4,Papua New Guinea
4,4,4,4,3,2,2,2,3,4,5,5,5,6,6,6,80,80,85,85,85,75,50,170,200,240,250,235,240,235,180,185,12,13,2,-1,-2,0,-1,2,-2,-3,-4,-3,0,1,-1,0,75,2,-9999,-9999,-9999,26,-1,11,1008,none,2,0,75,3,Papua New Guinea
4,4,4,4,3,2,2,2,3,4,5,5,6,6,5,6,75,85,80,85,85,90,115,160,195,240,245,230,240,230,180,180,13,10,1,-1,-2,-1,-1,3,0,-3,-4,-3,-2,-1,1,0,78,2,-9999,-9999,-9999,26,2,11,1011,none,2,0,80,3,Papua New Guinea
4,4,4,4,3,2,2,2,3,3,5,5,6,6,6,6,70,75,75,80,85,90,100,150,185,230,255,240,235,230,170,185,13,14,1,-1,-2,-1,0,3,1,-2,-3,-3,1,-2,2,1,81,2,-9999,-9999,-9999,26,-1,10,1011,none,2,0,70,3,Papua New Guinea
4,4,4,4,3,2,2,2,3,4,5,5,6,6,5,6,70,70,70,70,80,90,120,170,195,220,245,235,235,220,170,195,11,15,2,0,-2,-2,0,3,1,-2,-3,-3,3,-2,6,0,84,2,-9999,-9999,-9999,26,2,9,1009,none,2,0,65,3,Papua New Guinea
3,3,4,4,3,3,2,2,3,3,5,5,6,6,6,5,75,70,65,65,70,90,165,190,195,205,250,240,225,200,180,195,12,15,5,2,-1,-2,1,4,1,-1,-3,-2,-1,-1,10,2,87,6,-9999,-9999,-9999,26,2,10,1010,rain,2,0,70,3,Papua New Guinea
4,4,4,4,3,3,2,2,3,3,5,5,6,5,5,6,70,65,70,70,70,80,140,190,195,210,245,235,225,195,190,205,11,14,11,3,0,-2,0,4,2,-1,-3,-3,-1,3,14,0,90,5,-9999,-9999,-9999,26,-1,10,1012,rain,2,0,70,3,Papua New Guinea
4,4,4,4,3,3,2,2,2,3,5,5,6,6,5,6,70,65,60,70,65,65,55,245,220,220,235,230,220,195,200,195,11,12,15,3,0,-2,0,4,4,0,-2,-3,-2,6,11,0,93,9,-9999,-9999,-9999,26,-1,10,1011,rain,2,0,80,3,Papua New Guinea
4,4,4,4,3,3,2,2,3,3,5,5,5,6,5,6,80,65,55,70,75,65,25,285,255,235,240,230,215,200,210,210,9,11,14,4,1,-2,-1,4,4,2,-3,-3,-2,12,14,12,96,9,-9999,-9999,-9999,26,-1,11,1009,rain,3,0,85,3,Papua New Guinea
4,4,4,4,3,3,2,2,3,3,5,5,5,5,6,6,75,70,70,75,80,65,15,270,265,245,245,230,215,195,195,210,10,11,10,4,1,-2,-1,4,4,2,-2,-3,7,13,13,15,99,9,-9999,-9999,-9999,26,-1,11,1009,rain,3,0,90,3,Papua New Guinea
4,4,4,4,3,3,2,2,3,3,5,5,5,5,5,5,85,85,75,70,70,50,340,285,265,240,240,225,215,200,210,225,13,12,14,4,1,-2,-1,3,3,2,-2,-2,-1,8,11,15,102,9,-9999,-9999,-9999,26,-1,11,1011,none,3,0,85,3,Papua New Guinea
4,4,4,4,3,3,2,2,3,3,5,5,5,5,5,5,85,85,75,70,75,70,325,285,265,255,240,235,220,195,215,220,14,12,12,7,1,-1,-1,3,4,1,-2,-2,0,4,11,16,105,9,-9999,-9999,-9999,26,-1,11,1011,rain,3,0,80,3,Papua New Guinea
3,4,4,4,3,3,2,3,3,4,5,5,5,5,5,5,80,70,70,70,70,65,295,265,270,265,245,240,225,205,215,215,15,13,11,6,2,0,-2,3,3,-1,0,-2,1,6,6,15,108,8,-9999,-9999,-9999,26,-1,11,1009,rain,3,0,85,3,Papua New Guinea
3,4,4,4,3,3,2,3,3,4,5,5,5,5,5,6,90,75,70,65,65,55,325,275,280,270,245,235,225,200,210,220,15,13,11,6,2,0,-1,3,2,-1,1,0,0,7,7,12,111,6,-9999,-9999,-9999,26,-1,12,1010,rain,3,0,90,3,Papua New Guinea
3,4,4,4,3,3,2,3,3,4,4,4,5,5,5,6,85,75,70,65,65,55,325,275,285,275,245,230,225,200,210,220,15,13,11,7,2,0,-1,2,0,0,3,3,6,14,7,8,114,6,-9999,-9999,-9999,26,-1,12,1012,rain,3,0,90,3,Papua New Guinea
3,4,5,4,3,3,2,3,4,5,4,4,5,5,5,6,80,75,70,65,60,45,300,270,285,280,265,235,220,215,205,220,15,13,10,6,1,0,-1,2,-1,0,3,3,16,13,9,10,117,9,-9999,-9999,-9999,26,-1,11,1011,rain,3,0,90,3,Papua New Guinea
3,4,4,4,3,3,2,3,4,5,4,5,5,5,5,6,90,80,75,70,50,15,315,270,285,285,265,235,225,220,210,215,15,11,11,7,0,-1,-1,0,-2,-2,2,4,13,7,7,7,120,7,-9999,-9999,-9999,26,-1,12,1008,rain,3,0,90,3,Papua New Guinea
3,4,4,4,3,2,3,3,4,5,4,5,4,5,5,6,100,80,75,80,70,15,325,280,275,290,260,230,230,210,215,225,14,12,12,11,1,-1,-2,0,-2,-2,3,6,7,5,8,6,123,3,-9999,-9999,-9999,26,-1,11,1009,rain,3,0,95,3,Papua New Guinea
4,4,4,4,3,2,3,3,4,5,4,5,4,4,5,6,100,90,80,80,70,20,315,285,275,290,260,235,240,240,220,220,13,12,11,9,3,1,-2,-1,-1,-2,3,6,9,6,16,5,126,5,-9999,-9999,-9999,26,-1,11,1012,rain,3,0,105,3,Papua New Guinea
4,4,4,4,3,2,3,3,4,5,4,5,5,5,5,6,95,90,85,80,75,30,300,285,280,285,270,245,235,230,220,225,15,13,11,7,3,2,-3,-3,-2,-2,3,12,13,16,13,4,129,4,-9999,-9999,-9999,26,-1,11,1012,rain,3,0,95,4,Papua New Guinea
4,4,4,4,3,2,3,3,4,5,4,5,5,5,5,6,90,90,85,80,70,35,300,285,285,285,270,240,235,240,225,220,15,13,11,8,5,3,0,1,-1,-2,3,15,13,13,15,6,132,7,-9999,-9999,-9999,26,-1,12,1010,rain,3,0,95,3,Papua New Guinea
4,4,4,4,3,2,3,3,4,5,5,5,5,5,5,6,90,90,85,80,70,35,300,275,275,280,270,235,235,245,240,215,15,13,10,8,6,4,2,0,-2,-2,3,11,13,14,14,0,135,9,-9999,-9999,-9999,26,-1,12,1011,rain,3,0,85,3,Papua New Guinea
4,4,4,4,3,2,3,3,4,5,5,5,5,5,6,6,90,90,90,90,80,45,305,280,275,285,265,235,230,220,230,220,15,13,10,8,7,5,2,0,-1,-1,6,13,12,7,8,-1,138,5,-9999,-9999,-9999,26,-1,12,1013,rain,3,0,90,3,Papua New Guinea
4,4,4,4,3,2,3,3,5,5,5,5,5,5,6,6,85,85,90,90,85,40,305,280,275,275,255,230,225,240,215,220,15,12,9,7,7,5,2,-1,-2,-2,8,14,11,10,6,1,141,5,-9999,-9999,-9999,26,-1,12,1012,rain,3,0,80,3,Papua New Guinea
4,4,4,4,3,2,3,3,5,5,5,5,5,5,6,6,85,85,85,90,85,40,295,280,270,265,240,230,230,225,205,215,14,14,11,8,7,5,3,3,-2,-1,12,9,8,7,1,1,144,5,-9999,-9999,-9999,26,-1,11,1009,rain,3,0,90,3,Papua New Guinea
4,5,5,4,3,2,3,4,5,5,5,5,5,5,6,6,85,90,90,95,90,50,285,280,275,265,240,240,220,220,210,215,14,13,11,8,7,7,3,-2,-2,-1,11,5,6,0,1,1,147,2,-9999,-9999,-9999,26,-1,11,1010,rain,3,0,95,3,Papua New Guinea
4,5,5,4,3,2,3,4,5,5,5,5,5,6,6,6,85,85,90,90,85,40,280,270,270,260,240,240,220,205,200,215,14,14,12,9,7,6,0,-2,-2,-1,12,6,-2,-2,2,0,150,2,-9999,-9999,-9999,26,-1,11,1012,rain,3,0,90,3,Papua New Guinea
5,5,5,5,3,2,3,4,5,5,5,5,5,6,7,6,90,100,100,95,90,80,265,260,265,270,250,250,220,210,185,200,13,12,7,1,6,7,1,-1,-2,-1,13,2,-3,1,-1,1,153,2,-9999,-9999,-9999,26,-1,11,1012,rain,3,0,90,4,Papua New Guinea
5,5,5,5,4,2,3,4,5,5,5,5,5,6,7,6,90,90,90,95,90,60,255,255,260,265,260,250,230,215,190,200,12,14,10,6,1,6,1,-1,-3,-1,13,0,-2,2,11,1,156,4,-9999,-9999,-9999,26,-1,10,1010,rain,3,0,85,4,Papua New Guinea
5,5,5,5,4,2,3,3,4,5,5,5,5,6,7,6,85,85,90,95,90,135,220,240,255,265,260,250,240,205,185,195,14,13,12,12,1,6,5,6,-2,-2,13,0,-1,3,2,2,159,8,-9999,-9999,-9999,26,-1,11,1011,rain,3,0,85,4,Papua New Guinea
5,5,5,5,4,2,3,3,4,5,5,5,5,6,7,6,90,90,85,90,90,140,210,225,245,255,250,255,240,205,180,205,13,13,8,3,1,6,6,8,2,-2,10,8,0,4,2,1,162,4,-9999,-9999,-9999,26,-1,11,1012,rain,3,0,90,4,Papua New Guinea
5,5,5,5,5,2,3,3,4,5,5,5,6,6,7,6,80,80,85,90,90,145,220,240,250,250,235,235,240,205,185,215,13,13,11,8,1,5,7,9,4,5,5,4,2,3,0,1,165,1,-9999,-9999,-9999,26,-1,11,1011,rain,3,0,85,4,Papua New Guinea
5,5,5,5,4,2,2,3,5,5,5,5,6,6,7,6,80,85,90,95,90,125,225,255,250,245,230,230,230,195,185,215,13,13,11,8,2,4,10,10,9,9,3,5,1,3,0,0,168,1,-9999,-9999,-9999,26,-1,11,1009,rain,3,0,80,4,Papua New Guinea
5,5,5,5,4,2,3,3,5,5,5,5,6,7,7,6,90,95,95,90,90,140,205,235,250,250,240,240,230,185,185,205,13,12,11,4,2,5,11,13,11,4,-2,-1,4,0,0,0,171,1,-9999,-9999,-9999,26,-1,11,1009,rain,3,0,85,4,Papua New Guinea
4,5,5,5,5,3,2,3,4,5,5,5,6,7,7,6,90,90,90,95,95,85,235,235,240,245,245,240,230,185,185,200,14,12,12,7,1,3,11,7,6,1,-1,3,5,-1,-2,-1,174,1,-9999,-9999,-9999,26,-1,11,1011,rain,3,0,90,4,Papua New Guinea
4,5,5,5,5,2,2,3,4,5,5,5,5,6,7,7,90,95,95,95,95,100,210,235,240,250,250,240,225,180,185,185,14,13,11,11,1,4,11,7,8,1,1,4,5,-2,-2,3,177,1,-9999,-9999,-9999,26,-1,11,1011,rain,3,0,95,4,Papua New Guinea
4,5,5,5,5,2,2,3,4,4,4,4,5,5,8,7,90,90,90,90,90,95,255,240,240,250,255,230,220,190,175,185,15,13,13,11,12,4,10,7,8,0,1,0,0,0,-1,3,180,1,-9999,-9999,-9999,25,-1,12,1009,rain,3,0,95,4,Papua New Guinea
5,5,5,5,3,2,2,3,3,4,4,3,4,5,7,7,85,85,95,95,90,90,255,250,245,260,260,210,215,195,175,175,14,13,11,10,10,8,10,8,5,1,1,1,2,3,1,2,183,1,-9999,-9999,-9999,25,-1,11,1010,rain,3,0,90,4,Papua New Guinea
5,5,5,5,4,3,2,3,3,3,3,3,3,4,7,7,80,85,90,90,90,75,255,240,240,260,255,195,205,195,175,175,13,13,11,9,4,6,9,5,3,1,1,4,6,7,1,2,186,1,-9999,-9999,-9999,26,-1,11,1012,rain,3,0,85,4,Papua New Guinea
4,5,5,5,5,3,2,3,3,3,3,3,3,3,7,7,80,80,85,85,85,80,245,235,245,260,235,190,215,210,170,180,13,14,11,10,5,3,7,5,5,3,2,3,7,7,1,6,189,4,-9999,-9999,-9999,26,-1,11,1010,rain,3,0,75,4,Papua New Guinea
4,5,5,5,5,3,2,2,3,3,3,3,3,3,6,6,80,85,90,90,85,70,280,245,245,255,245,205,185,205,165,185,13,13,11,11,7,3,7,4,3,5,1,2,4,5,2,1,192,3,-9999,-9999,-9999,26,-1,11,1008,rain,3,0,80,3,Papua New Guinea
